Name,DPIIT Stage,District / City,Focus Industry,Startup India Profile,Source
ANCIENT FARMER PRODUCER COMPANY LIMITED,Early Traction,Bankura,Agriculture,https://www.startupindia.gov.in/content/sih/en/profile.Startup.6a81c1e6e4b014082795aca0.html,Startup India (DPIIT profile)
MERCHLAND RETAIL PRIVATE LIMITED,Early Traction,Kolkata,Textiles & Apparel,https://www.startupindia.gov.in/content/sih/en/profile.Startup.6a7f6f69e4b0140827954297.html,Startup India (DPIIT profile)
CHITRAYANTRA TECHNOLOGIES PRIVATE LIMITED,Ideation,North 24 Parganas,AI,https://www.startupindia.gov.in/content/sih/en/profile.Startup.6a7efa76e4b099b2048a874b.html,Startup India (DPIIT profile)
WIBEALGO PRIVATE LIMITED,Early Traction,Kolkata,IT Services,https://www.startupindia.gov.in/content/sih/en/profile.Startup.6a7c53fce4b0f4e81d020a51.html,Startup India (DPIIT profile)
SOLARNEST INFRASTRUCTURE PRIVATE LIMITED,Validation,Murshidabad,Renewable Energy,https://www.startupindia.gov.in/content/sih/en/profile.Startup.6a789a79e4b0b55585b57232.html,Startup India (DPIIT profile)
NOCTRODEX (OPC) PRIVATE LIMITED,Ideation,Kolkata,AI,https://www.startupindia.gov.in/content/sih/en/profile.Startup.6a745314e4b0b55585a9a10b.html,Startup India (DPIIT profile)
GKP SNACKS PRIVATE LIMITED,Validation,Kolkata,Food & Beverages,https://www.startupindia.gov.in/content/sih/en/profile.Startup.6a7425a3e4b0b55585a985c3.html,Startup India (DPIIT profile)
EVANOO PRIVATE LIMITED,Validation,North 24 Parganas,IT Services,https://www.startupindia.gov.in/content/sih/en/profile.Startup.6a74084fe4b0b55585a97b2b.html,Startup India (DPIIT profile)
INDROBOTIX TECHNOLOGIES PRIVATE LIMITED,Validation,Purba Medinipur,Robotics,https://www.startupindia.gov.in/content/sih/en/profile.Startup.6a70662fe4b01a12d3b14009.html,Startup India (DPIIT profile)
GREENPOWER SOLUTIONS,Validation,Kolkata,Renewable Energy,https://www.startupindia.gov.in/content/sih/en/profile.Startup.6a6b0800e4b01a12d3afe398.html,Startup India (DPIIT profile)
OAK CONNECTIONS LLP,Early Traction,North 24 Parganas,Dating Matrimonial,https://www.startupindia.gov.in/content/sih/en/profile.Startup.6a6aed46e4b01a12d3afb224.html,Startup India (DPIIT profile)
MY TURN PRIVATE LIMITED,Validation,Purba Medinipur,Waste Management,https://www.startupindia.gov.in/content/sih/en/profile.Startup.6a64ebd7e4b01a12d3ae0708.html,Startup India (DPIIT profile)
AVENORO LIFESTYLE PRIVATE LIMITED,Early Traction,North 24 Parganas,Retail,https://www.startupindia.gov.in/content/sih/en/profile.Startup.6a634db1e4b01a12d3ad8397.html,Startup India (DPIIT profile)
SACHETANA CARRER & TECHNOLOGY PRIVATE LIMITED,Ideation,Maldah,Education,https://www.startupindia.gov.in/content/sih/en/profile.Startup.6a5f074fe4b01a12d3abf5a3.html,Startup India (DPIIT profile)
YALUNG KANG FOOD PRIVATE LIMITED,Early Traction,Darjeeling,Food & Beverages,https://www.startupindia.gov.in/content/sih/en/profile.Startup.6a5e06ade4b01a12d3abb8d1.html,Startup India (DPIIT profile)
HILLSHITAKE MUSHROOM HUB PRIVATE LIMITED,Ideation,Darjeeling,Agriculture,https://www.startupindia.gov.in/content/sih/en/profile.Startup.6a5bc3a1e4b01a12d3aaa67a.html,Startup India (DPIIT profile)
BHOWMICK ENTERPRISES,Validation,Paschim Bardhaman,Construction,https://www.startupindia.gov.in/content/sih/en/profile.Startup.6a5b645fe4b01a12d3aa82bd.html,Startup India (DPIIT profile)
ARANYAMITHA SWASTHYA (OPC) PRIVATE LIMITED,Early Traction,South 24 Parganas,Healthcare & Lifesciences,https://www.startupindia.gov.in/content/sih/en/profile.Startup.6a5a0e59e4b01a12d3aa1b5e.html,Startup India (DPIIT profile)
BLACK HAT ICONIC PRIVATE LIMITED,Early Traction,South 24 Parganas,IT Services,https://www.startupindia.gov.in/content/sih/en/profile.Startup.6a59020ee4b01a12d3a9cc10.html,Startup India (DPIIT profile)
NUBONS TECH LLP,Validation,South 24 Parganas,Enterprise Software,https://www.startupindia.gov.in/content/sih/en/profile.Startup.6a58b981e4b01a12d3a9a972.html,Startup India (DPIIT profile)
SHYAMSUNDAR METAPLAST PRIVATE LIMITED,Scaling,Paschim Bardhaman,Renewable Energy,https://www.startupindia.gov.in/content/sih/en/profile.Startup.6a58a4d0e4b01a12d3a99bb9.html,Startup India (DPIIT profile)
HAEMOLOGIX PRIVATE LIMITED,Early Traction,Howrah,Healthcare & Lifesciences,https://www.startupindia.gov.in/content/sih/en/profile.Startup.6a5877dfe4b01a12d3a986ad.html,Startup India (DPIIT profile)
ENTHALPIC TECHNOLOGIES PRIVATE LIMITED,Ideation,Bankura,Technology Hardware,https://www.startupindia.gov.in/content/sih/en/profile.Startup.6a578fbee4b01a12d3a95dd0.html,Startup India (DPIIT profile)
Flint De Orient Marketing & Technology Private Limited,Early Traction,Kolkata,AI,https://www.startupindia.gov.in/content/sih/en/profile.Startup.6a5785c2e4b01a12d3a95a08.html,Startup India (DPIIT profile)
GSM HEALTHCARE EXPORT PRIVATE LIMITED,Ideation,Purba Medinipur,Food & Beverages,https://www.startupindia.gov.in/content/sih/en/profile.Startup.6a571de3e4b01a12d3a91887.html,Startup India (DPIIT profile)
GEOVANTA INTERNATIONAL LLP,Ideation,Murshidabad,Professional & Commercial Services,https://www.startupindia.gov.in/content/sih/en/profile.Startup.6a54efdce4b0f94172a42139.html,Startup India (DPIIT profile)
VEDICA AUTOMATION PRIVATE LIMITED,Ideation,North 24 Parganas,Technology Hardware,https://www.startupindia.gov.in/content/sih/en/profile.Startup.6a54b7b5e4b0f94172a3f8ae.html,Startup India (DPIIT profile)
ASSUREM HEALTHCARE PRIVATE LIMITED,Validation,Kolkata,Healthcare & Lifesciences,https://www.startupindia.gov.in/content/sih/en/profile.Startup.6a54aa69e4b0f94172a3ec74.html,Startup India (DPIIT profile)
ZENLYTIX SYSTEMS PRIVATE LIMITED,Validation,North 24 Parganas,AI,https://www.startupindia.gov.in/content/sih/en/profile.Startup.6a54a683e4b0f94172a3e8aa.html,Startup India (DPIIT profile)
FENDURA INDUSTRIES PRIVATE LIMITED,Validation,Paschim Bardhaman,Internet of Things,https://www.startupindia.gov.in/content/sih/en/profile.Startup.6a53ce49e4b0dfbceaa7953f.html,Startup India (DPIIT profile)
TERRIS AGRITECH PRIVATE LIMITED,Validation,Hooghly,Agriculture,https://www.startupindia.gov.in/content/sih/en/profile.Startup.6a533ed9e4b0dfbceaa74dcb.html,Startup India (DPIIT profile)
FUZROK CONSULTANCY SERVICES PRIVATE LIMITED,Ideation,Paschim Bardhaman,IT Services,https://www.startupindia.gov.in/content/sih/en/profile.Startup.6a53077ce4b0dfbceaa73d5e.html,Startup India (DPIIT profile)
BIC INDUSTRIES PRIVATE LIMITED,Early Traction,Paschim Bardhaman,Professional & Commercial Services,https://www.startupindia.gov.in/content/sih/en/profile.Startup.6a525f77e4b0dfbceaa7263f.html,Startup India (DPIIT profile)
VIDYALO ONLINE PRIVATE LIMITED,Validation,North 24 Parganas,Education,https://www.startupindia.gov.in/content/sih/en/profile.Startup.6a52561fe4b0dfbceaa724b1.html,Startup India (DPIIT profile)
M D AURA PRIVATE LIMITED,Validation,Kolkata,Real Estate,https://www.startupindia.gov.in/content/sih/en/profile.Startup.6a523e89e4b0dfbceaa71d26.html,Startup India (DPIIT profile)
VINAYAK INDUSTRIAL PRIVATE LIMITED,Early Traction,Purba Medinipur,Textiles & Apparel,https://www.startupindia.gov.in/content/sih/en/profile.Startup.6a51fb47e4b0dfbceaa70233.html,Startup India (DPIIT profile)
NKH INDUSTRIES LLP,Ideation,Maldah,Other Specialty Retailers,https://www.startupindia.gov.in/content/sih/en/profile.Startup.6a51ee56e4b0dfbceaa6f9f4.html,Startup India (DPIIT profile)
QUANTUMEDGE TECHNOLOGIES INDIA PRIVATE LIMITED,Validation,North 24 Parganas,IT Services,https://www.startupindia.gov.in/content/sih/en/profile.Startup.6a51e991e4b0dfbceaa6f708.html,Startup India (DPIIT profile)
ONEPOINT GLOBAL TAX SOLUTIONS LLP,Validation,Kolkata,Professional & Commercial Services,https://www.startupindia.gov.in/content/sih/en/profile.Startup.6a50f4fde4b0dfbceaa6cc04.html,Startup India (DPIIT profile)
KHATI FOOD VENTURES PRIVATE LIMITED,Validation,Kolkata,Food & Beverages,https://www.startupindia.gov.in/content/sih/en/profile.Startup.6a50c38be4b061f5fedf6a3b.html,Startup India (DPIIT profile)
NARNOLIA SPECTRA GLOBAL AI LLP,Early Traction,Kolkata,Computer Vision,https://www.startupindia.gov.in/content/sih/en/profile.Startup.6a4f9b8ee4b061f5fedeff74.html,Startup India (DPIIT profile)
GAYESHPUR INDUSTRIES (OPC) PRIVATE LIMITED,Scaling,Nadia,Chemicals,https://www.startupindia.gov.in/content/sih/en/profile.Startup.6a4f8b60e4b061f5fedef70f.html,Startup India (DPIIT profile)
XTRAMIX CONCRETE LLP,Validation,Kolkata,Real Estate,https://www.startupindia.gov.in/content/sih/en/profile.Startup.6a4f8050e4b061f5fedef039.html,Startup India (DPIIT profile)
CHIMERA VENTURE PRIVATE LIMITED,Ideation,South 24 Parganas,AI,https://www.startupindia.gov.in/content/sih/en/profile.Startup.6a4f7313e4b061f5fedee81e.html,Startup India (DPIIT profile)
SCIMITAR MILK AND INTEGRATED LOCAL ENTERPRISES PRIVATE LIMITED,Validation,South 24 Parganas,Agriculture,https://www.startupindia.gov.in/content/sih/en/profile.Startup.6a4f6a86e4b061f5fedee25f.html,Startup India (DPIIT profile)
JIGYAASA AI PRIVATE LIMITED,Early Traction,North 24 Parganas,AI,https://www.startupindia.gov.in/content/sih/en/profile.Startup.6a4f541be4b061f5feded60a.html,Startup India (DPIIT profile)
DOOARS WELFARE FOUNDATION,Early Traction,Alipurduar,Education,https://www.startupindia.gov.in/content/sih/en/profile.Startup.6a4f52f6e4b061f5feded5a0.html,Startup India (DPIIT profile)
ZUNEKO LABS LLP,Scaling,North 24 Parganas,AI,https://www.startupindia.gov.in/content/sih/en/profile.Startup.6a4e256fe4b061f5fede9518.html,Startup India (DPIIT profile)
INSUST GLOBAL PRIVATE LIMITED,Validation,Hooghly,AI,https://www.startupindia.gov.in/content/sih/en/profile.Startup.6a4d6feee4b061f5fede698f.html,Startup India (DPIIT profile)
ARINSA AI MINDS PRIVATE LIMITED,Validation,Kolkata,IT Services,https://www.startupindia.gov.in/content/sih/en/profile.Startup.6a4d22e4e4b061f5fede5c72.html,Startup India (DPIIT profile)
THE ESSENTIALS HUB (OPC) PRIVATE LIMITED,Ideation,North 24 Parganas,Retail,https://www.startupindia.gov.in/content/sih/en/profile.Startup.6a4cf128e4b0359e44e47f6e.html,Startup India (DPIIT profile)
GARUDA AIR DEFENCE SYSTEMS PRIVATE LIMITED,Ideation,Howrah,Automotive,https://www.startupindia.gov.in/content/sih/en/profile.Startup.6a4cdc6fe4b0359e44e47307.html,Startup India (DPIIT profile)
LAKTRA GLOBAL PRIVATE LIMITED,Early Traction,Kolkata,Automotive,https://www.startupindia.gov.in/content/sih/en/profile.Startup.6a4ccc6ce4b0359e44e469d2.html,Startup India (DPIIT profile)
ARNSOUSAP SERVICES LLP,Ideation,North 24 Parganas,House-Hold Services,https://www.startupindia.gov.in/content/sih/en/profile.Startup.6a4cc4dee4b0359e44e46600.html,Startup India (DPIIT profile)
ECOGENESIS PMC PRIVATE LIMITED,Early Traction,South 24 Parganas,Professional & Commercial Services,https://www.startupindia.gov.in/content/sih/en/profile.Startup.6a4bcf32e4b0359e44e42bd3.html,Startup India (DPIIT profile)
MALICK UDYOG PRIVATE LIMITED,Scaling,Howrah,Construction,https://www.startupindia.gov.in/content/sih/en/profile.Startup.6a4bb20ae4b0359e44e42140.html,Startup India (DPIIT profile)
STHIRA CONSUMER PRIVATE LIMITED,Validation,South 24 Parganas,Retail,https://www.startupindia.gov.in/content/sih/en/profile.Startup.6a4b8551e4b0359e44e404d8.html,Startup India (DPIIT profile)
SEQUENS LLP,Ideation,Purba Medinipur,Enterprise Software,https://www.startupindia.gov.in/content/sih/en/profile.Startup.6a4b6abee4b0359e44e3f3b8.html,Startup India (DPIIT profile)
ALLOBION LLP,Validation,Darjeeling,Food & Beverages,https://www.startupindia.gov.in/content/sih/en/profile.Startup.6a4ab438e4b0359e44e3ca11.html,Startup India (DPIIT profile)
KUTUMB ADVISORY LLP,Validation,North 24 Parganas,Finance Technology,https://www.startupindia.gov.in/content/sih/en/profile.Startup.6a48efafe4b0359e44e378a1.html,Startup India (DPIIT profile)
VYBECERKLE TECHNOLOGIES PRIVATE LIMITED,Validation,Kolkata,Media & Entertainment,https://www.startupindia.gov.in/content/sih/en/profile.Startup.6a48eb6de4b0359e44e376d9.html,Startup India (DPIIT profile)
SHARNOVA LABS (OPC) PRIVATE LIMITED,Validation,Kolkata,IT Services,https://www.startupindia.gov.in/content/sih/en/profile.Startup.6a48e193e4b0359e44e372cd.html,Startup India (DPIIT profile)
HIM AI PRIVATE LIMITED,Validation,Kolkata,AI,https://www.startupindia.gov.in/content/sih/en/profile.Startup.6a480119e4b0359e44e329c9.html,Startup India (DPIIT profile)
SVASAMM RESEARCH PRIVATE LIMITED,Validation,Hooghly,Enterprise Software,https://www.startupindia.gov.in/content/sih/en/profile.Startup.6a47b5e1e4b0359e44e316a5.html,Startup India (DPIIT profile)
MUNHU INNOVATIONS LLP,Ideation,Howrah,Technology Hardware,https://www.startupindia.gov.in/content/sih/en/profile.Startup.6a47aca3e4b0359e44e3127a.html,Startup India (DPIIT profile)
APPRISE LLP,Ideation,Kolkata,IT Services,https://www.startupindia.gov.in/content/sih/en/profile.Startup.6a47a5b2e4b0359e44e30eb1.html,Startup India (DPIIT profile)
CLOUDRAPTIX TECHNOLOGY LLP,Ideation,North 24 Parganas,IT Services,https://www.startupindia.gov.in/content/sih/en/profile.Startup.6a47a5ace4b0359e44e30eac.html,Startup India (DPIIT profile)
GLOBAL HEALTH CLUB FOUNDATION,Validation,North 24 Parganas,Social Impact,https://www.startupindia.gov.in/content/sih/en/profile.Startup.6a479757e4b0359e44e30767.html,Startup India (DPIIT profile)
BHAGABATI CONSTRUCTION AND INFRASTRUCTURE LLP,Validation,Kolkata,Construction,https://www.startupindia.gov.in/content/sih/en/profile.Startup.6a4782f1e4b0359e44e2fd34.html,Startup India (DPIIT profile)
DRONEASE PRIVATE LIMITED,Ideation,Nadia,Agriculture,https://www.startupindia.gov.in/content/sih/en/profile.Startup.6a476987e4b0359e44e2f082.html,Startup India (DPIIT profile)
KONNEKT ASIA LLP,Ideation,North 24 Parganas,Professional & Commercial Services,https://www.startupindia.gov.in/content/sih/en/profile.Startup.6a47689ce4b0359e44e2efcb.html,Startup India (DPIIT profile)
SKOLLY PRIVATE LIMITED,Ideation,Asansol,Education,https://www.startupindia.gov.in/content/sih/en/profile.Startup.6a46cde9e4b0359e44e2cdc2.html,Startup India (DPIIT profile)
HIMAL AGRO FOODTECH PRIVATE LIMITED,Ideation,Darjeeling,Agriculture,https://www.startupindia.gov.in/content/sih/en/profile.Startup.6a46669de4b0359e44e2b262.html,Startup India (DPIIT profile)
XLSKYLINE ALGORITHMICS PRIVATE LIMITED,Validation,Cooch Behar,AI,https://www.startupindia.gov.in/content/sih/en/profile.Startup.6a45ff90e4b0359e44e26a28.html,Startup India (DPIIT profile)
BHARATI SRS ENERGY LLP,Early Traction,Howrah,Construction,https://www.startupindia.gov.in/content/sih/en/profile.Startup.6a45ff11e4b0359e44e269c4.html,Startup India (DPIIT profile)
MORPHEOUS TUNNELLING TECHNOLOGIES PRIVATE LIMITED,Scaling,Howrah,Construction,https://www.startupindia.gov.in/content/sih/en/profile.Startup.6a452e0be4b0359e44e24681.html,Startup India (DPIIT profile)
PREFERRED AUDIOLOGY PRIVATE LIMITED,Validation,North 24 Parganas,Healthcare & Lifesciences,https://www.startupindia.gov.in/content/sih/en/profile.Startup.6a4506ebe4b0359e44e2386a.html,Startup India (DPIIT profile)
ATCO SURGICALS,Early Traction,Kolkata,Healthcare & Lifesciences,https://www.startupindia.gov.in/content/sih/en/profile.Startup.6a4500afe4b0359e44e23536.html,Startup India (DPIIT profile)
SHEEJ (OPC) PRIVATE LIMITED,Ideation,Kolkata,Textiles & Apparel,https://www.startupindia.gov.in/content/sih/en/profile.Startup.6a44fe50e4b0359e44e23403.html,Startup India (DPIIT profile)
ADEMYSTIFIER CONSORTIUM LLP,Ideation,Medinipur,Agriculture,https://www.startupindia.gov.in/content/sih/en/profile.Startup.6a44f5b4e4b0359e44e22f92.html,Startup India (DPIIT profile)
ECOGENESIS CONSULTANCY PRIVATE LIMITED,Early Traction,South 24 Parganas,Professional & Commercial Services,https://www.startupindia.gov.in/content/sih/en/profile.Startup.6a44f2fae4b0359e44e22e24.html,Startup India (DPIIT profile)
THE KIND GROVE PRIVATE LIMITED,Ideation,Purba Bardhaman,Renewable Energy,https://www.startupindia.gov.in/content/sih/en/profile.Startup.6a44e0b8e4b0359e44e2236f.html,Startup India (DPIIT profile)
FLOWTASK LLP,Validation,Hooghly,AI,https://www.startupindia.gov.in/content/sih/en/profile.Startup.6a44de53e4b0359e44e22237.html,Startup India (DPIIT profile)
DIGITYZE INTERNATIONAL (OPC) PRIVATE LIMITED,Early Traction,Kolkata,IT Services,https://www.startupindia.gov.in/content/sih/en/profile.Startup.6a44c72fe4b0359e44e2156a.html,Startup India (DPIIT profile)
EOMS INDUSTRIAL SOLUTIONS LLP,Validation,Kolkata,Construction,https://www.startupindia.gov.in/content/sih/en/profile.Startup.6a44c72be4b0359e44e21566.html,Startup India (DPIIT profile)
ANJALI ECO-TECH PRIVATE LIMITED,Early Traction,South 24 Parganas,Technology Hardware,https://www.startupindia.gov.in/content/sih/en/profile.Startup.6a44bff5e4b0359e44e21152.html,Startup India (DPIIT profile)
RUDRAKHSHI IMPEX AND SERVICES PRIVATE LIMITED,Ideation,Paschim Medinipur,Food & Beverages,https://www.startupindia.gov.in/content/sih/en/profile.Startup.6a44bc49e4b0359e44e20f73.html,Startup India (DPIIT profile)
MNSSS INFRA BUILDERS PRIVATE LIMITED,Early Traction,Kolkata,Construction,https://www.startupindia.gov.in/content/sih/en/profile.Startup.6a44b397e4b0359e44e209ed.html,Startup India (DPIIT profile)
LUCIVELLE LUXORA FASHION LLP,Ideation,North 24 Parganas,Retail,https://www.startupindia.gov.in/content/sih/en/profile.Startup.6a44b05fe4b0359e44e207d2.html,Startup India (DPIIT profile)
SUPERX CORPORATION PRIVATE LIMITED,Early Traction,Purba Bardhaman,IT Services,https://www.startupindia.gov.in/content/sih/en/profile.Startup.6a43e8c7e4b0359e44e1e1dd.html,Startup India (DPIIT profile)
DCPOWER PRODUCTS PRIVATE LIMITED,Scaling,Kolkata,Telecommunication & Networking,https://www.startupindia.gov.in/content/sih/en/profile.Startup.6a43d227e4b0359e44e1d9af.html,Startup India (DPIIT profile)
SHUDDH ARADHANA PRIVATE LIMITED,Validation,South 24 Parganas,House-Hold Services,https://www.startupindia.gov.in/content/sih/en/profile.Startup.6a43ad2ae4b0359e44e1c6a8.html,Startup India (DPIIT profile)
REVANEX PHARMACEUTICALS PRIVATE LIMITED,Ideation,Darjeeling,Healthcare & Lifesciences,https://www.startupindia.gov.in/content/sih/en/profile.Startup.6a436a0fe4b0359e44e19c54.html,Startup India (DPIIT profile)
THINK&SHARE PEMENTS PRIVATE LIMITED,Ideation,North 24 Parganas,Healthcare & Lifesciences,https://www.startupindia.gov.in/content/sih/en/profile.Startup.6a42767ce4b0359e44e15b33.html,Startup India (DPIIT profile)
INDIISERVE SOLUTIONS PRIVATE LIMITED,Early Traction,Kolkata,IT Services,https://www.startupindia.gov.in/content/sih/en/profile.Startup.6a425fb7e4b0359e44e14ef5.html,Startup India (DPIIT profile)
UMESHRISHI FOODS PRIVATE LIMITED,Early Traction,Purba Bardhaman,Agriculture,https://www.startupindia.gov.in/content/sih/en/profile.Startup.6a423cd0e4b0359e44e137e9.html,Startup India (DPIIT profile)
DIBWAS WEBSOFT TECHNOLOGIES LLP,Validation,North 24 Parganas,Internet of Things,https://www.startupindia.gov.in/content/sih/en/profile.Startup.6a422a5be4b0359e44e12b30.html,Startup India (DPIIT profile)
MEDICEVO SALES PRIVATE LIMITED,Validation,South 24 Parganas,Healthcare & Lifesciences,https://www.startupindia.gov.in/content/sih/en/profile.Startup.6a42225ae4b0359e44e12617.html,Startup India (DPIIT profile)
MAITYOS PRIVATE LIMITED,Validation,Hooghly,Enterprise Software,https://www.startupindia.gov.in/content/sih/en/profile.Startup.6a421f78e4b0359e44e1243d.html,Startup India (DPIIT profile)
BURU RETAILS PRIVATE LIMITED,Early Traction,North 24 Parganas,Internet of Things,https://www.startupindia.gov.in/content/sih/en/profile.Startup.6a3f0c3ce4b0359e44e068bd.html,Startup India (DPIIT profile)
FARM-ION HYDROPONIC PRODUCE LLP,Scaling,Hooghly,Agriculture,https://www.startupindia.gov.in/content/sih/en/profile.Startup.6a3eae32e4b0359e44e05e41.html,Startup India (DPIIT profile)
IMAGINE EXPO DIGITAL PRIVATE LIMITED,Ideation,Purba Medinipur,Advertising,https://www.startupindia.gov.in/content/sih/en/profile.Startup.6a3e768ae4b0359e44e04d4c.html,Startup India (DPIIT profile)
INOURE TECHNOLOGIES PRIVATE LIMITED,Ideation,North 24 Parganas,Robotics,https://www.startupindia.gov.in/content/sih/en/profile.Startup.6a3d9935e4b0359e44e00adb.html,Startup India (DPIIT profile)
HEXSTAR UNIVERSE PRIVATE LIMITED,Early Traction,South 24 Parganas,Education,https://www.startupindia.gov.in/content/sih/en/profile.Startup.6a3d4c83e4b0359e44dffcc4.html,Startup India (DPIIT profile)
CORELEA FOODS PRIVATE LIMITED,Ideation,Kolkata,Food & Beverages,https://www.startupindia.gov.in/content/sih/en/profile.Startup.6a3d149fe4b0359e44dfe836.html,Startup India (DPIIT profile)
ASR MOTIONTECH PRIVATE LIMITED,Early Traction,Kolkata,Technology Hardware,https://www.startupindia.gov.in/content/sih/en/profile.Startup.6a3d0d6de4b0359e44dfe374.html,Startup India (DPIIT profile)
THE LEGEND CONSTRUCTIONS & FURNISHINGS PRIVATE LIMITED,Validation,Nadia,Construction,https://www.startupindia.gov.in/content/sih/en/profile.Startup.6a3cef39e4b0359e44dfbf61.html,Startup India (DPIIT profile)
ISMAIL ANA GLOBAL EXPORTERS (OPC) PRIVATE LIMITED,Validation,Purulia,Construction,https://www.startupindia.gov.in/content/sih/en/profile.Startup.6a3cb912e4b0359e44df9e35.html,Startup India (DPIIT profile)
BASANTI BIOMEDICAL (OPC) PRIVATE LIMITED,Validation,Kolkata,Healthcare & Lifesciences,https://www.startupindia.gov.in/content/sih/en/profile.Startup.6a3c1a16e4b0359e44df8ae6.html,Startup India (DPIIT profile)
PINAKIN KANTHA CONSULTANCY LLP,Ideation,Kolkata,IT Services,https://www.startupindia.gov.in/content/sih/en/profile.Startup.6a3bf9fae4b0359e44df7fc4.html,Startup India (DPIIT profile)
FINSOFT DIGINEXT SOLUTIONS PRIVATE LIMITED,Early Traction,Nadia,Finance Technology,https://www.startupindia.gov.in/content/sih/en/profile.Startup.6a3be9bbe4b0359e44df7adc.html,Startup India (DPIIT profile)
ALLYAGRINEST PRIVATE LIMITED,Ideation,North 24 Parganas,Agriculture,https://www.startupindia.gov.in/content/sih/en/profile.Startup.6a3bd9ebe4b0359e44df7503.html,Startup India (DPIIT profile)
RISSEEN MERCHENDISE PRIVATE LIMITED,Ideation,Kolkata,Marketing,https://www.startupindia.gov.in/content/sih/en/profile.Startup.6a3ba8e4e4b0359e44df3fc8.html,Startup India (DPIIT profile)
SNM SCINOVOTECH PRIVATE LIMITED,Ideation,Kolkata,Healthcare & Lifesciences,https://www.startupindia.gov.in/content/sih/en/profile.Startup.6a3b6663e4b0359e44df1b1c.html,Startup India (DPIIT profile)
NAKSHVAANI TEA LLP,Early Traction,Darjeeling,Food & Beverages,https://www.startupindia.gov.in/content/sih/en/profile.Startup.6a3b62d2e4b0359e44df1977.html,Startup India (DPIIT profile)
INCORVA CORPORATE VENTURES LLP,Scaling,Habra,Enterprise Software,https://www.startupindia.gov.in/content/sih/en/profile.Startup.6a3acdc4e4b0359e44df0615.html,Startup India (DPIIT profile)
MATRI BHABAN SEBA KENDRA,Validation,South 24 Parganas,Human Resources,https://www.startupindia.gov.in/content/sih/en/profile.Startup.6a3a2e9ee4b0359e44deb62c.html,Startup India (DPIIT profile)
SAHA AGRO GENETIC PRIVATE LIMITED,Validation,Nadia,Agriculture,https://www.startupindia.gov.in/content/sih/en/profile.Startup.6a393cb7e4b0359e44de817d.html,Startup India (DPIIT profile)
ANANTHEA GLOBAL PRIVATE LIMITED,Ideation,Hooghly,Retail,https://www.startupindia.gov.in/content/sih/en/profile.Startup.6a38438ee4b06921f1d78349.html,Startup India (DPIIT profile)
NEELKANTHA FEB TECH PRIVATE LIMITED,Early Traction,Purba Bardhaman,Technology Hardware,https://www.startupindia.gov.in/content/sih/en/profile.Startup.6a36a857e4b06921f1d73bc5.html,Startup India (DPIIT profile)
UPCHAAR HEALTH PRIVATE LIMITED,Ideation,Paschim Bardhaman,Healthcare & Lifesciences,https://www.startupindia.gov.in/content/sih/en/profile.Startup.6a365f76e4b06921f1d71f42.html,Startup India (DPIIT profile)
NYD STUDIO (OPC) PRIVATE LIMITED,Ideation,Kolkata,Fashion,https://www.startupindia.gov.in/content/sih/en/profile.Startup.6a36517ae4b06921f1d718c1.html,Startup India (DPIIT profile)
REFRAMET,Early Traction,Kolkata,Chemicals,https://www.startupindia.gov.in/content/sih/en/profile.Startup.6a364f59e4b06921f1d716fa.html,Startup India (DPIIT profile)
WINOVER IMPEX PRIVATE LIMITED,Scaling,Kolkata,Food & Beverages,https://www.startupindia.gov.in/content/sih/en/profile.Startup.6a363b96e4b06921f1d70acf.html,Startup India (DPIIT profile)
KARMA SILVERLIFE PRIVATE LIMITED,Scaling,Kolkata,Healthcare & Lifesciences,https://www.startupindia.gov.in/content/sih/en/profile.Startup.6a352684e4b06921f1d6ccd9.html,Startup India (DPIIT profile)
VIDYALAXMI TRADEHUB PRIVATE LIMITED,Ideation,Medinipur,Construction,https://www.startupindia.gov.in/content/sih/en/profile.Startup.6a34e112e4b06921f1d6a2ae.html,Startup India (DPIIT profile)
SAMRAYA COMMERCE PRIVATE LIMITED,Ideation,North 24 Parganas,Fashion,https://www.startupindia.gov.in/content/sih/en/profile.Startup.6a33a5a3e4b06921f1d63c8f.html,Startup India (DPIIT profile)
ROY CONSTRUCTION & CO,Ideation,Jalpaiguri,Construction,https://www.startupindia.gov.in/content/sih/en/profile.Startup.6a32589be4b06921f1d5aea9.html,Startup India (DPIIT profile)
JCM INTELLECT PRIVATE LIMITED,Ideation,Kolkata,Aeronautics Aerospace & Defence,https://www.startupindia.gov.in/content/sih/en/profile.Startup.6a325578e4b06921f1d5ad79.html,Startup India (DPIIT profile)
MSB MARKETING & SERVICES LLP,Ideation,South 24 Parganas,Telecommunication & Networking,https://www.startupindia.gov.in/content/sih/en/profile.Startup.6a31382ee4b06921f1d55a8b.html,Startup India (DPIIT profile)
MPP LEATHERS PRIVATE LIMITED,Validation,Kolkata,Retail,https://www.startupindia.gov.in/content/sih/en/profile.Startup.6a310988e4b06921f1d53dd4.html,Startup India (DPIIT profile)
BIZSUCCESS DIGITAL LLP,Validation,Hooghly,Marketing,https://www.startupindia.gov.in/content/sih/en/profile.Startup.6a2ffaf6e4b06921f1d4f14e.html,Startup India (DPIIT profile)
SKYNAAVIC TECHNOLOGIES PRIVATE LIMITED,Early Traction,Kolkata,Aeronautics Aerospace & Defence,https://www.startupindia.gov.in/content/sih/en/profile.Startup.6a2fe1f3e4b06921f1d4e361.html,Startup India (DPIIT profile)
AGROWBHARAT PRIVATE LIMITED,Ideation,North 24 Parganas,Agriculture,https://www.startupindia.gov.in/content/sih/en/profile.Startup.6a2fdad6e4b06921f1d4ddc7.html,Startup India (DPIIT profile)
MEMORION QUANTUM PRIVATE LIMITED,Ideation,North 24 Parganas,IT Services,https://www.startupindia.gov.in/content/sih/en/profile.Startup.6a2fac91e4b06921f1d4bc2b.html,Startup India (DPIIT profile)
MACRON TECHNOLOGY PRIVATE LIMITED,Ideation,Kolkata,Aeronautics Aerospace & Defence,https://www.startupindia.gov.in/content/sih/en/profile.Startup.6a2f9827e4b06921f1d4ac5c.html,Startup India (DPIIT profile)
DELETEWEB LLP,Early Traction,Hooghly,IT Services,https://www.startupindia.gov.in/content/sih/en/profile.Startup.6a2ed9f0e4b06921f1d48692.html,Startup India (DPIIT profile)
COASTS & CANVAS LLP,Ideation,Nadia,Fashion,https://www.startupindia.gov.in/content/sih/en/profile.Startup.6a2d6293e4b06921f1d439b5.html,Startup India (DPIIT profile)
MANTIC CORPORATE CONNECT PRIVATE LIMITED,Ideation,Kolkata,Human Resources,https://www.startupindia.gov.in/content/sih/en/profile.Startup.6a2d5757e4b06921f1d436c9.html,Startup India (DPIIT profile)
XENBUS PRIVATE LIMITED,Ideation,Kolkata,Robotics,https://www.startupindia.gov.in/content/sih/en/profile.Startup.6a2d55a8e4b06921f1d43659.html,Startup India (DPIIT profile)
BABU QSR PRIVATE LIMITED,Scaling,Hooghly,Food & Beverages,https://www.startupindia.gov.in/content/sih/en/profile.Startup.6a2d2f20e4b06921f1d426a2.html,Startup India (DPIIT profile)
AVIANAFLY PRIVATE LIMITED,Ideation,South 24 Parganas,Travel & Tourism,https://www.startupindia.gov.in/content/sih/en/profile.Startup.6a2d240be4b06921f1d42264.html,Startup India (DPIIT profile)
AUCTUS DELIVERING GROWTH PRIVATE LIMITED,Ideation,Darjeeling,Healthcare & Lifesciences,https://www.startupindia.gov.in/content/sih/en/profile.Startup.6a2c0f04e4b06921f1d3d858.html,Startup India (DPIIT profile)
ALDOL TECHNOLOGIES PRIVATE LIMITED,Ideation,North 24 Parganas,Technology Hardware,https://www.startupindia.gov.in/content/sih/en/profile.Startup.6a2c011ce4b06921f1d3d354.html,Startup India (DPIIT profile)
KATHIKA SERVICES (OPC) PRIVATE LIMITED,Early Traction,Kolkata,Textiles & Apparel,https://www.startupindia.gov.in/content/sih/en/profile.Startup.6a2be217e4b06921f1d3bf7d.html,Startup India (DPIIT profile)
FOUNDERMITRA LLP,Ideation,Paschim Bardhaman,IT Services,https://www.startupindia.gov.in/content/sih/en/profile.Startup.6a2b9e13e4b06921f1d38f9c.html,Startup India (DPIIT profile)
LUMINA NEXGEN SOLUTIONS PRIVATE LIMITED,Validation,North 24 Parganas,Renewable Energy,https://www.startupindia.gov.in/content/sih/en/profile.Startup.6a2ac8f5e4b06921f1d367fb.html,Startup India (DPIIT profile)
YOURS TRULY COFFEE ROASTER LLP,Ideation,Kolkata,Food & Beverages,https://www.startupindia.gov.in/content/sih/en/profile.Startup.6a2aa9a0e4b06921f1d35bae.html,Startup India (DPIIT profile)
MAPLE DIGITAL SERVICE PRIVATE LIMITED,Validation,Nadia,Technology Hardware,https://www.startupindia.gov.in/content/sih/en/profile.Startup.6a2a93fbe4b06921f1d34b0d.html,Startup India (DPIIT profile)
SHUTTLE SPEED PARIVAHAN PRIVATE LIMITED,Ideation,North 24 Parganas,Transportation & Storage,https://www.startupindia.gov.in/content/sih/en/profile.Startup.6a2a80cee4b06921f1d33cc4.html,Startup India (DPIIT profile)
MRIGTRISHNA PRODUCTIONS PRIVATE LIMITED,Ideation,Kolkata,Media & Entertainment,https://www.startupindia.gov.in/content/sih/en/profile.Startup.6a2a6baee4b06921f1d32df0.html,Startup India (DPIIT profile)
SHUTTERSYNC MEDIA PRIVATE LIMITED,Validation,Purba Medinipur,Media & Entertainment,https://www.startupindia.gov.in/content/sih/en/profile.Startup.6a2a6442e4b06921f1d32667.html,Startup India (DPIIT profile)
PRAGATI EV PRIVATE LIMITED,Validation,Howrah,Automotive,https://www.startupindia.gov.in/content/sih/en/profile.Startup.6a293f4ee4b06921f1d2bf5a.html,Startup India (DPIIT profile)
SSMA APPARELS PRIVATE LIMITED,Scaling,Kolkata,Textiles & Apparel,https://www.startupindia.gov.in/content/sih/en/profile.Startup.6a292157e4b06921f1d2ac25.html,Startup India (DPIIT profile)
ANIK THE INDUSTRIAL DEVELOPMENT & TESTING LABORATORY (OPC) PRIVATE LIMITED,Validation,Howrah,Analytics,https://www.startupindia.gov.in/content/sih/en/profile.Startup.6a291cd5e4b06921f1d2a9c5.html,Startup India (DPIIT profile)
EASE DRIVE MOBILITY LLP,Early Traction,North 24 Parganas,Transportation & Storage,https://www.startupindia.gov.in/content/sih/en/profile.Startup.6a29108ae4b06921f1d29f47.html,Startup India (DPIIT profile)
TRAVELUP HOLIDAYS PRIVATE LIMITED,Validation,Siliguri,Travel & Tourism,https://www.startupindia.gov.in/content/sih/en/profile.Startup.6a290ccce4b06921f1d29b73.html,Startup India (DPIIT profile)
TECH UNICO SOLUTIONS PRIVATE LIMITED,Validation,North 24 Parganas,AI,https://www.startupindia.gov.in/content/sih/en/profile.Startup.6a2866a4e4b06921f1d260cd.html,Startup India (DPIIT profile)
CETOSOFT INFOTECH PRIVATE LIMITED,Ideation,North 24 Parganas,Healthcare & Lifesciences,https://www.startupindia.gov.in/content/sih/en/profile.Startup.6a286009e4b06921f1d25fc5.html,Startup India (DPIIT profile)
APPARELIO IMPEX PRIVATE LIMITED,Validation,Kolkata,Textiles & Apparel,https://www.startupindia.gov.in/content/sih/en/profile.Startup.6a28397ae4b06921f1d24cf8.html,Startup India (DPIIT profile)
ANANTA GLOBAL MARINE AND ENGINEERING PRIVATE LIMITED,Validation,Howrah,Construction,https://www.startupindia.gov.in/content/sih/en/profile.Startup.6a280a33e4b06921f1d23b4b.html,Startup India (DPIIT profile)
PRO16 INDUSTRIES (OPC) PRIVATE LIMITED,Validation,North 24 Parganas,House-Hold Services,https://www.startupindia.gov.in/content/sih/en/profile.Startup.6a27ea35e4b075ab1c5da816.html,Startup India (DPIIT profile)
AEW POLYEXTRUSION PRIVATE LIMITED,Ideation,Howrah,Chemicals,https://www.startupindia.gov.in/content/sih/en/profile.Startup.6a26d93ce4b075ab1c5c654e.html,Startup India (DPIIT profile)
AGARWAL ELECTROSAFE WORKS PRIVATE LIMITED,Ideation,Howrah,Technology Hardware,https://www.startupindia.gov.in/content/sih/en/profile.Startup.6a26c24be4b075ab1c5c5a7c.html,Startup India (DPIIT profile)
CASTLETON SPRING AND ENGINEERING PRIVATE LIMITED,Validation,Kolkata,Other Specialty Retailers,https://www.startupindia.gov.in/content/sih/en/profile.Startup.6a26bfc1e4b075ab1c5c5910.html,Startup India (DPIIT profile)
AGAMANI IT SOLUTION PRIVATE LIMITED,Ideation,Paschim Medinipur,IT Services,https://www.startupindia.gov.in/content/sih/en/profile.Startup.6a268c2de4b075ab1c5c3776.html,Startup India (DPIIT profile)
AMRIT HUB PRIVATE LIMITED,Validation,North 24 Parganas,Fashion,https://www.startupindia.gov.in/content/sih/en/profile.Startup.6a259660e4b075ab1c5bf836.html,Startup India (DPIIT profile)
DOLMIS LLP,Early Traction,North 24 Parganas,Education,https://www.startupindia.gov.in/content/sih/en/profile.Startup.6a246065e4b075ab1c5bc1f2.html,Startup India (DPIIT profile)
SHRIGARGI EMPIRE TRADER PRIVATE LIMITED,Validation,Maldah,Construction,https://www.startupindia.gov.in/content/sih/en/profile.Startup.6a242161e4b075ab1c5bb4ce.html,Startup India (DPIIT profile)
SIMPLY VEGGIES PRIVATE LIMITED,Ideation,Kolkata,Food & Beverages,https://www.startupindia.gov.in/content/sih/en/profile.Startup.6a23fc4ce4b075ab1c5ba84d.html,Startup India (DPIIT profile)
READYRISE BRIGHT SKILLS PRIVATE LIMITED,Ideation,Darjeeling,Education,https://www.startupindia.gov.in/content/sih/en/profile.Startup.6a23f5b2e4b075ab1c5ba5aa.html,Startup India (DPIIT profile)
NONAI SOUND SOLUTIONS (OPC) PRIVATE LIMITED,Ideation,North 24 Parganas,Technology Hardware,https://www.startupindia.gov.in/content/sih/en/profile.Startup.6a23be84e4b075ab1c5b8efb.html,Startup India (DPIIT profile)
Chalk Theory Labs LLP,Ideation,North 24 Parganas,Enterprise Software,https://www.startupindia.gov.in/content/sih/en/profile.Startup.6a235417e4b075ab1c5b7d29.html,Startup India (DPIIT profile)
FREEDOMFIRST DEBTSOL PRIVATE LIMITED,Validation,Kolkata,Professional & Commercial Services,https://www.startupindia.gov.in/content/sih/en/profile.Startup.6a22fef3e4b075ab1c5b721c.html,Startup India (DPIIT profile)
BIBOTECTURE PRIVATE LIMITED,Ideation,Kolkata,AI,https://www.startupindia.gov.in/content/sih/en/profile.Startup.6a22c974e4b075ab1c5b65b6.html,Startup India (DPIIT profile)
SPIRAFLUX PRIVATE LIMITED,Validation,Purba Medinipur,Healthcare & Lifesciences,https://www.startupindia.gov.in/content/sih/en/profile.Startup.6a218011e4b075ab1c5b09d2.html,Startup India (DPIIT profile)
SOCRATIC PILLARS EDUCATION LLP,Validation,Kolkata,Education,https://www.startupindia.gov.in/content/sih/en/profile.Startup.6a217a54e4b075ab1c5b086b.html,Startup India (DPIIT profile)
VYTRIX UNIFIED VENTURES (OPC) PRIVATE LIMITED,Ideation,Nadia,Retail,https://www.startupindia.gov.in/content/sih/en/profile.Startup.6a216aaee4b075ab1c5b037d.html,Startup India (DPIIT profile)
ROKKET TECHNOLOGIES PRIVATE LIMITED,Validation,Kolkata,Media & Entertainment,https://www.startupindia.gov.in/content/sih/en/profile.Startup.6a2158c3e4b075ab1c5afb9f.html,Startup India (DPIIT profile)
MAA CHAMUNDA BIO FERTILIZER INDUSTRIES PRIVATE LIMITED,Ideation,Maldah,Agriculture,https://www.startupindia.gov.in/content/sih/en/profile.Startup.6a21588de4b075ab1c5afb7b.html,Startup India (DPIIT profile)
SHALDARWORX PRIVATE LIMITED,Validation,Nadia,Green Technology,https://www.startupindia.gov.in/content/sih/en/profile.Startup.6a214534e4b075ab1c5af07c.html,Startup India (DPIIT profile)
RAJ METAL RECYCLING PRIVATE LIMITED,Ideation,Kolkata,Chemicals,https://www.startupindia.gov.in/content/sih/en/profile.Startup.6a214117e4b075ab1c5aee63.html,Startup India (DPIIT profile)
SIDDHANTA POWER AND ENGINEERING PRIVATE LIMITED,Early Traction,Hooghly,Construction,https://www.startupindia.gov.in/content/sih/en/profile.Startup.6a2133f0e4b075ab1c5ae7eb.html,Startup India (DPIIT profile)
AEGISHMS INDIA LLP,Ideation,North 24 Parganas,Enterprise Software,https://www.startupindia.gov.in/content/sih/en/profile.Startup.6a211e22e4b075ab1c5adc72.html,Startup India (DPIIT profile)
KAAL BHAIRAVA DYNAMICS PRIVATE LIMITED,Validation,Kolkata,Aeronautics Aerospace & Defence,https://www.startupindia.gov.in/content/sih/en/profile.Startup.6a205cb1e4b075ab1c5aba11.html,Startup India (DPIIT profile)
MKR CIVIL CONSTRUCTION,Scaling,Hooghly,Construction,https://www.startupindia.gov.in/content/sih/en/profile.Startup.6a205742e4b075ab1c5ab8cb.html,Startup India (DPIIT profile)
SIMBAA PLAYZONE,Scaling,Kolkata,Media & Entertainment,https://www.startupindia.gov.in/content/sih/en/profile.Startup.6a202629e4b075ab1c5aab79.html,Startup India (DPIIT profile)
BANERGY INDUSTRIES PRIVATE LIMITED,Ideation,Kolkata,Robotics,https://www.startupindia.gov.in/content/sih/en/profile.Startup.6a202112e4b075ab1c5aa90a.html,Startup India (DPIIT profile)
RUDRIK TECHNOLOGIES PRIVATE LIMITED,Ideation,North 24 Parganas,Finance Technology,https://www.startupindia.gov.in/content/sih/en/profile.Startup.6a2004a8e4b075ab1c5a987a.html,Startup India (DPIIT profile)
KANGITEN HEALTHCARE PRIVATE LIMITED,Early Traction,North 24 Parganas,Healthcare & Lifesciences,https://www.startupindia.gov.in/content/sih/en/profile.Startup.6a1ffd93e4b075ab1c5a940c.html,Startup India (DPIIT profile)
HARI SHYAM CHEMICAL PRIVATE LIMITED,Scaling,Paschim Bardhaman,Chemicals,https://www.startupindia.gov.in/content/sih/en/profile.Startup.6a1fdde3e4b075ab1c5a8359.html,Startup India (DPIIT profile)
SYNTEQA TECHNOLOGIES PRIVATE LIMITED,Ideation,Kolkata,Human Resources,https://www.startupindia.gov.in/content/sih/en/profile.Startup.6a1fb3b2e4b061f008ce4b6e.html,Startup India (DPIIT profile)
UYVU AGRO LLP,Ideation,North 24 Parganas,Agriculture,https://www.startupindia.gov.in/content/sih/en/profile.Startup.6a1f1fb7e4b061f008ccb253.html,Startup India (DPIIT profile)
BHUMIBIOTICS INDUSTRIES PRIVATE LIMITED,Validation,Purba Medinipur,Agriculture,https://www.startupindia.gov.in/content/sih/en/profile.Startup.6a1ec5c1e4b061f008cc951d.html,Startup India (DPIIT profile)
THE BENGAL CHRONICLE NETWORK LLP,Validation,Birbhum,Media & Entertainment,https://www.startupindia.gov.in/content/sih/en/profile.Startup.6a1ec0e7e4b061f008cc91c8.html,Startup India (DPIIT profile)
GILLMONT OVERSEAS PRIVATE LIMITED,Ideation,North 24 Parganas,Agriculture,https://www.startupindia.gov.in/content/sih/en/profile.Startup.6a1eb717e4b061f008cc89f4.html,Startup India (DPIIT profile)
UYVU REALTORS LLP,Ideation,North 24 Parganas,Real Estate,https://www.startupindia.gov.in/content/sih/en/profile.Startup.6a1da827e4b061f008cc261a.html,Startup India (DPIIT profile)
GENERALQUERY TECHNOLOGIES PRIVATE LIMITED,Validation,Murshidabad,AI,https://www.startupindia.gov.in/content/sih/en/profile.Startup.6a1d9a86e4b061f008cc2398.html,Startup India (DPIIT profile)
ZAPFLASH INFRAMART PRIVATE LIMITED,Ideation,Kolkata,Construction,https://www.startupindia.gov.in/content/sih/en/profile.Startup.6a1d8498e4b061f008cc1d59.html,Startup India (DPIIT profile)
AVORIDE INDIA PRIVATE LIMITED,Validation,Bankura,Automotive,https://www.startupindia.gov.in/content/sih/en/profile.Startup.6a1d6f5ee4b061f008cc0eb0.html,Startup India (DPIIT profile)
NAMSO MARINE CONSTRUCTION PRIVATE LIMITED,Validation,Kolkata,Construction,https://www.startupindia.gov.in/content/sih/en/profile.Startup.6a1d5e08e4b061f008cc0638.html,Startup India (DPIIT profile)
CALFOX CONSULTING LLP,Ideation,Kolkata,IT Services,https://www.startupindia.gov.in/content/sih/en/profile.Startup.6a1d43d5e4b061f008cbf90a.html,Startup India (DPIIT profile)
ARETE SUSTAINABLE SYNERGIES PRIVATE LIMITED,Early Traction,Kolkata,Construction,https://www.startupindia.gov.in/content/sih/en/profile.Startup.6a1d3f1ce4b061f008cbf6ca.html,Startup India (DPIIT profile)
RYDEX EV LOGISTICS PRIVATE LIMITED,Validation,Howrah,Automotive,https://www.startupindia.gov.in/content/sih/en/profile.Startup.6a1c44fde4b061f008cbb825.html,Startup India (DPIIT profile)
EDUTIPS INDIA PRIVATE LIMITED,Early Traction,Hooghly,Education,https://www.startupindia.gov.in/content/sih/en/profile.Startup.6a1c286ee4b061f008cbafa3.html,Startup India (DPIIT profile)
BHATTER APPAREL EXPORTS PRIVATE LIMITED,Validation,Kolkata,Textiles & Apparel,https://www.startupindia.gov.in/content/sih/en/profile.Startup.6a1bfc65e4b061f008cba038.html,Startup India (DPIIT profile)
GREENERGETIX PRIVATE LIMITED,Validation,North 24 Parganas,Waste Management,https://www.startupindia.gov.in/content/sih/en/profile.Startup.6a1af122e4b061f008cb6a73.html,Startup India (DPIIT profile)
CSFIRE PROJECTS PRIVATE LIMITED,Scaling,Kolkata,Safety,https://www.startupindia.gov.in/content/sih/en/profile.Startup.6a1acc16e4b061f008cb58a5.html,Startup India (DPIIT profile)
TRISHIT CONSULTING LLP,Early Traction,North 24 Parganas,Enterprise Software,https://www.startupindia.gov.in/content/sih/en/profile.Startup.6a1ac4f3e4b061f008cb542a.html,Startup India (DPIIT profile)
EASY SERVICE SOLUTIONS PRIVATE LIMITED,Ideation,Darjeeling,Technology Hardware,https://www.startupindia.gov.in/content/sih/en/profile.Startup.6a1ac36ae4b061f008cb52da.html,Startup India (DPIIT profile)
VALUEPORT EXPORTS LLP,Ideation,Kolkata,Professional & Commercial Services,https://www.startupindia.gov.in/content/sih/en/profile.Startup.6a1aa0b5e4b061f008cb4016.html,Startup India (DPIIT profile)
DYNADIO PRIVATE LIMITED,Validation,Kolkata,Computer Vision,https://www.startupindia.gov.in/content/sih/en/profile.Startup.6a1a65d7e4b061f008cb219e.html,Startup India (DPIIT profile)
NODEX8 AI TECHNOLOGIES PRIVATE LIMITED,Validation,Kolkata,AI,https://www.startupindia.gov.in/content/sih/en/profile.Startup.6a19c985e4b061f008cb0ec8.html,Startup India (DPIIT profile)
ECO AGRO FARMING PRIVATE LIMITED,Ideation,Howrah,Agriculture,https://www.startupindia.gov.in/content/sih/en/profile.Startup.6a198599e4b061f008caf752.html,Startup India (DPIIT profile)
WHERE IS MY MEDICINE PRIVATE LIMITED,Validation,Siliguri,Healthcare & Lifesciences,https://www.startupindia.gov.in/content/sih/en/profile.Startup.6a197ea4e4b061f008caf319.html,Startup India (DPIIT profile)
ALIVEE FASHION LLP,Ideation,North 24 Parganas,Textiles & Apparel,https://www.startupindia.gov.in/content/sih/en/profile.Startup.6a197bb5e4b061f008caf179.html,Startup India (DPIIT profile)
INDOGOO EV PRIVATE LIMITED,Ideation,Murshidabad,Automotive,https://www.startupindia.gov.in/content/sih/en/profile.Startup.6a1960fde4b061f008cae0fc.html,Startup India (DPIIT profile)
VUMI DIAGNOSTIC PRIVATE LIMITED,Ideation,North 24 Parganas,Healthcare & Lifesciences,https://www.startupindia.gov.in/content/sih/en/profile.Startup.6a192992e4b061f008cabfd8.html,Startup India (DPIIT profile)
NEXTMACHINE AI LABS PRIVATE LIMITED,Early Traction,South 24 Parganas,AI,https://www.startupindia.gov.in/content/sih/en/profile.Startup.6a182749e4b061f008ca8b93.html,Startup India (DPIIT profile)
SPORTITUDE LLP,Early Traction,Kolkata,Sports,https://www.startupindia.gov.in/content/sih/en/profile.Startup.6a182722e4b061f008ca8b7a.html,Startup India (DPIIT profile)
GLOBAL TRIDENT ELECTRODE PRIVATE LIMITED,Early Traction,Hooghly,Technology Hardware,https://www.startupindia.gov.in/content/sih/en/profile.Startup.6a180de3e4b061f008ca7bee.html,Startup India (DPIIT profile)
WEMS SECURITY & DD SERVICES PRIVATE LIMITED,Validation,Kolkata,Human Resources,https://www.startupindia.gov.in/content/sih/en/profile.Startup.6a180d7de4b061f008ca7b9c.html,Startup India (DPIIT profile)
SONKAR IMPEX INDIA PRIVATE LIMITED,Validation,Hooghly,Art & Photography,https://www.startupindia.gov.in/content/sih/en/profile.Startup.6a180b44e4b061f008ca7a16.html,Startup India (DPIIT profile)
INDIZEST GLOBAL PRIVATE LIMITED,Ideation,North 24 Parganas,Agriculture,https://www.startupindia.gov.in/content/sih/en/profile.Startup.6a17f1ede4b061f008ca6a9b.html,Startup India (DPIIT profile)
GLOBAL ENERGY SOLUTIONS,Ideation,Kolkata,Renewable Energy,https://www.startupindia.gov.in/content/sih/en/profile.Startup.6a17ed9ce4b061f008ca67f3.html,Startup India (DPIIT profile)
GENUINE SUPPLIES AND SERVICES,Early Traction,Kolkata,Transportation & Storage,https://www.startupindia.gov.in/content/sih/en/profile.Startup.6a17392fe4b061f008ca21f1.html,Startup India (DPIIT profile)
BLUESTREAM DIALYSIS CENTER (OPC) PRIVATE LIMITED,Ideation,Paschim Medinipur,Healthcare & Lifesciences,https://www.startupindia.gov.in/content/sih/en/profile.Startup.6a17360be4b061f008ca213b.html,Startup India (DPIIT profile)
ICONX CFO ADVISORS (OPC) PRIVATE LIMITED,Early Traction,Howrah,Finance Technology,https://www.startupindia.gov.in/content/sih/en/profile.Startup.6a172bf1e4b061f008ca1e1e.html,Startup India (DPIIT profile)
VHV FASHIONS LLP,Early Traction,Kolkata,Textiles & Apparel,https://www.startupindia.gov.in/content/sih/en/profile.Startup.6a16e124e4b061f008ca05e5.html,Startup India (DPIIT profile)
RISING INDIA ENTERPRISES,Early Traction,Howrah,Construction,https://www.startupindia.gov.in/content/sih/en/profile.Startup.6a16d8e1e4b061f008ca0007.html,Startup India (DPIIT profile)
BBIOCARE PHARMACEUTICAL PRIVATE LIMITED,Ideation,South 24 Parganas,Healthcare & Lifesciences,https://www.startupindia.gov.in/content/sih/en/profile.Startup.6a16d7afe4b061f008c9ff1f.html,Startup India (DPIIT profile)
SQUARE FONS EXPORTS PRIVATE LIMITED,Ideation,Kolkata,Agriculture,https://www.startupindia.gov.in/content/sih/en/profile.Startup.6a16be69e4b061f008c9ef09.html,Startup India (DPIIT profile)
TEESTA CONSTRUCTION AND DEVELOPERS PRIVATE LIMITED,Ideation,Darjeeling,Construction,https://www.startupindia.gov.in/content/sih/en/profile.Startup.6a169cebe4b061f008c9dc2b.html,Startup India (DPIIT profile)
AZAD MEDICAL INDUSTRIES PRIVATE LIMITED,Validation,Howrah,Healthcare & Lifesciences,https://www.startupindia.gov.in/content/sih/en/profile.Startup.6a169cb6e4b061f008c9dc02.html,Startup India (DPIIT profile)
PARKAB GLOBAL PRIVATE LIMITED,Early Traction,North 24 Parganas,Technology Hardware,https://www.startupindia.gov.in/content/sih/en/profile.Startup.6a168da4e4b061f008c9d06d.html,Startup India (DPIIT profile)
HEALTH VARD GENOMICS PRIVATE LIMITED,Early Traction,Hooghly,Biotechnology,https://www.startupindia.gov.in/content/sih/en/profile.Startup.6a15c730e4b061f008c9a0ee.html,Startup India (DPIIT profile)
NEXGLOX PRIVATE LIMITED,Ideation,Hooghly,IT Services,https://www.startupindia.gov.in/content/sih/en/profile.Startup.6a1598c8e4b061f008c9942d.html,Startup India (DPIIT profile)
SSBC CONSULTANCY PRIVATE LIMITED,Ideation,South 24 Parganas,Education,https://www.startupindia.gov.in/content/sih/en/profile.Startup.6a15925fe4b061f008c9918b.html,Startup India (DPIIT profile)
XCEED PHARMA PRIVATE LIMITED,Validation,North 24 Parganas,Healthcare & Lifesciences,https://www.startupindia.gov.in/content/sih/en/profile.Startup.6a158f17e4b061f008c98fdf.html,Startup India (DPIIT profile)
PUSHPA GEMS AND JEWELLERY PRIVATE LIMITED,Validation,Howrah,Other Specialty Retailers,https://www.startupindia.gov.in/content/sih/en/profile.Startup.6a1554b8e4b061f008c96ee2.html,Startup India (DPIIT profile)
GENOVATION TECHNOLOGICAL SOLUTIONS PRIVATE LIMITED,Early Traction,Kolkata,AI,https://www.startupindia.gov.in/content/sih/en/profile.Startup.6a154fafe4b061f008c96c18.html,Startup India (DPIIT profile)
HOMOEO WORLD PRIVATE LIMITED,Validation,North 24 Parganas,Healthcare & Lifesciences,https://www.startupindia.gov.in/content/sih/en/profile.Startup.6a154b49e4b061f008c96995.html,Startup India (DPIIT profile)
FIRSTCHOICE SPECIALITY CHEMICALS PRIVATE LIMITED,Scaling,Kolkata,Chemicals,https://www.startupindia.gov.in/content/sih/en/profile.Startup.6a1431ede4b061f008c922bd.html,Startup India (DPIIT profile)
JEEKA INDIA LLP,Ideation,Hooghly,Events,https://www.startupindia.gov.in/content/sih/en/profile.Startup.6a141e8ce4b061f008c91753.html,Startup India (DPIIT profile)
PATHS & POSSIBILITIES PRIVATE LIMITED,Early Traction,Kolkata,Education,https://www.startupindia.gov.in/content/sih/en/profile.Startup.6a141e4ae4b061f008c91726.html,Startup India (DPIIT profile)
BIOTRANSFORM ENERGY SOLUTION PRIVATE LIMITED,Ideation,Paschim Bardhaman,Renewable Energy,https://www.startupindia.gov.in/content/sih/en/profile.Startup.6a14107de4b061f008c90e59.html,Startup India (DPIIT profile)
AMATA JUTE TEA LLP,Scaling,Kolkata,Food & Beverages,https://www.startupindia.gov.in/content/sih/en/profile.Startup.6a13fed1e4b061f008c904ad.html,Startup India (DPIIT profile)
ALL INDIA MANAGEMENT SKILL EDUCATION PRIVATE LIMITED,Early Traction,Birbhum,Education,https://www.startupindia.gov.in/content/sih/en/profile.Startup.6a13fc34e4b061f008c90353.html,Startup India (DPIIT profile)
DHANANIA'S UDYOG PRIVATE LIMITED,Scaling,Kolkata,Food & Beverages,https://www.startupindia.gov.in/content/sih/en/profile.Startup.6a11a99ce4b061f008c89785.html,Startup India (DPIIT profile)
DGBEAUTY PRIVATE LIMITED,Scaling,Hooghly,Healthcare & Lifesciences,https://www.startupindia.gov.in/content/sih/en/profile.Startup.6a118c35e4b061f008c88d87.html,Startup India (DPIIT profile)
ROHA PRECISION SYSTEMS DEVELOPMENT PRIVATE LIMITED,Validation,Paschim Bardhaman,Professional & Commercial Services,https://www.startupindia.gov.in/content/sih/en/profile.Startup.6a117cfee4b061f008c8864c.html,Startup India (DPIIT profile)
ADB SKILLS CARE PRIVATE LIMITED,Validation,North 24 Parganas,Education,https://www.startupindia.gov.in/content/sih/en/profile.Startup.6a1170b1e4b061f008c88085.html,Startup India (DPIIT profile)
LOKENATH FINOVATE PAYTECH PRIVATE LIMITED,Ideation,Kolkata,Finance Technology,https://www.startupindia.gov.in/content/sih/en/profile.Startup.6a116b46e4b061f008c87daf.html,Startup India (DPIIT profile)
ADS ENVO SOLUTIONS PRIVATE LIMITED,Ideation,Siliguri,Waste Management,https://www.startupindia.gov.in/content/sih/en/profile.Startup.6a113f0ee4b061f008c86959.html,Startup India (DPIIT profile)
RADHEY INFRA & SERVICES PRIVATE LIMITED,Early Traction,Maldah,Construction,https://www.startupindia.gov.in/content/sih/en/profile.Startup.6a107713e4b061f008c8483e.html,Startup India (DPIIT profile)
NITANSI LUEUR PRIVATE LIMITED,Early Traction,Hooghly,Fashion,https://www.startupindia.gov.in/content/sih/en/profile.Startup.6a104727e4b061f008c8241b.html,Startup India (DPIIT profile)
NAUTILUS RESTROTAINMENT PRIVATE LIMITED,Scaling,Kolkata,Food & Beverages,https://www.startupindia.gov.in/content/sih/en/profile.Startup.6a101505e4b061f008c7dfd9.html,Startup India (DPIIT profile)
KUNDU ENTERPRISE (OPC) PRIVATE LIMITED,Ideation,North 24 Parganas,Retail,https://www.startupindia.gov.in/content/sih/en/profile.Startup.6a0ff182e4b061f008c7c7fe.html,Startup India (DPIIT profile)
AYENDRI FOODS AND SPICES LLP,Ideation,Kolkata,Food & Beverages,https://www.startupindia.gov.in/content/sih/en/profile.Startup.6a0fe047e4b061f008c7becd.html,Startup India (DPIIT profile)
DORTRESS PRIVATE TECHNOLOGIES LIMITED,Validation,Kolkata,Security Solutions,https://www.startupindia.gov.in/content/sih/en/profile.Startup.6a0fc7f6e4b061f008c7b79e.html,Startup India (DPIIT profile)
ECOSPOTIVA FOUNDATION,Scaling,Kolkata,Sports,https://www.startupindia.gov.in/content/sih/en/profile.Startup.6a0f35e1e4b061f008c7a787.html,Startup India (DPIIT profile)
BBN FRESH PRIVATE LIMITED,Ideation,Jalpaiguri,Finance Technology,https://www.startupindia.gov.in/content/sih/en/profile.Startup.6a0ee8d4e4b061f008c78b85.html,Startup India (DPIIT profile)
SKYNOVA DRONES PRIVATE LIMITED,Early Traction,Jalpaiguri,Aeronautics Aerospace & Defence,https://www.startupindia.gov.in/content/sih/en/profile.Startup.6a0ed5c5e4b061f008c77fb8.html,Startup India (DPIIT profile)
ZEUS VALVES MANUFACTURING PRIVATE LIMITED,Ideation,Hooghly,Technology Hardware,https://www.startupindia.gov.in/content/sih/en/profile.Startup.6a0ed1c9e4b061f008c77d4a.html,Startup India (DPIIT profile)
BOSE DAIRY & AGRICULTURE FARM PRIVATE LIMITED,Ideation,Nadia,Agriculture,https://www.startupindia.gov.in/content/sih/en/profile.Startup.6a0ea542e4b061f008c75f35.html,Startup India (DPIIT profile)
UNIVORYX TRADING & LOGISTICS LLP,Ideation,North 24 Parganas,Construction,https://www.startupindia.gov.in/content/sih/en/profile.Startup.6a0e9201e4b061f008c75316.html,Startup India (DPIIT profile)
TRICORE ENGINEERING PRIVATE LIMITED,Early Traction,Uttar Dinajpur,Construction,https://www.startupindia.gov.in/content/sih/en/profile.Startup.6a0de62de4b061f008c73b99.html,Startup India (DPIIT profile)
JIVASCOPE PRIVATE LIMITED,Validation,Paschim Medinipur,Healthcare & Lifesciences,https://www.startupindia.gov.in/content/sih/en/profile.Startup.6a0dbda6e4b061f008c72ea9.html,Startup India (DPIIT profile)
PHONTA INDUSTRIES PRIVATE LIMITED,Validation,Murshidabad,Chemicals,https://www.startupindia.gov.in/content/sih/en/profile.Startup.6a0db30de4b061f008c728ef.html,Startup India (DPIIT profile)
EKRISHI AGRI TECH LAB LLP,Ideation,Birbhum,Agriculture,https://www.startupindia.gov.in/content/sih/en/profile.Startup.6a0d9bd2e4b061f008c71d1f.html,Startup India (DPIIT profile)
PRANAB INTERNATIONAL SOCIAL IMPACT ASSOCIATION,Validation,Nabadwip,Social Impact,https://www.startupindia.gov.in/content/sih/en/profile.Startup.6a0d8688e4b061f008c7108a.html,Startup India (DPIIT profile)
GURUCHAND GLOBAL INNOVATIONS SERVICES PRIVATE LIMITED,Ideation,North 24 Parganas,Agriculture,https://www.startupindia.gov.in/content/sih/en/profile.Startup.6a0d8393e4b061f008c70e91.html,Startup India (DPIIT profile)
ZAMRIX MOTIONS LLP,Validation,Howrah,Technology Hardware,https://www.startupindia.gov.in/content/sih/en/profile.Startup.6a0d4cade4b061f008c6ea3c.html,Startup India (DPIIT profile)
NINETECH DIGITAL SERVICES PRIVATE LIMITED,Ideation,North 24 Parganas,Finance Technology,https://www.startupindia.gov.in/content/sih/en/profile.Startup.6a0c4f77e4b07cca57a37a92.html,Startup India (DPIIT profile)
MANICO HIMALAYAN FLAVOURS PRIVATE LIMITED,Scaling,Darjeeling,Food & Beverages,https://www.startupindia.gov.in/content/sih/en/profile.Startup.6a0c3dcde4b07cca57a36f65.html,Startup India (DPIIT profile)
BUILDSPARK REALTY DEVELOPERS PRIVATE LIMITED,Early Traction,Kolkata,Construction,https://www.startupindia.gov.in/content/sih/en/profile.Startup.6a0c3529e4b07cca57a369e1.html,Startup India (DPIIT profile)
IPROMIND PRIVATE LIMITED,Validation,Kolkata,Advertising,https://www.startupindia.gov.in/content/sih/en/profile.Startup.6a0c1077e4b07cca57a352e0.html,Startup India (DPIIT profile)
RRL INFRASTRUCTURE PRIVATE LIMITED,Ideation,South 24 Parganas,Professional & Commercial Services,https://www.startupindia.gov.in/content/sih/en/profile.Startup.6a0c024de4b07cca57a34863.html,Startup India (DPIIT profile)
BHARAT VISTAR TRADERS PRIVATE LIMITED,Early Traction,Kolkata,IT Services,https://www.startupindia.gov.in/content/sih/en/profile.Startup.6a0b477be4b07cca57a325f2.html,Startup India (DPIIT profile)
LIVOTALE LLP,Validation,Kolkata,Healthcare & Lifesciences,https://www.startupindia.gov.in/content/sih/en/profile.Startup.6a0b0e52e4b07cca57a31679.html,Startup India (DPIIT profile)
METRYQOR LLP,Validation,Kolkata,Analytics,https://www.startupindia.gov.in/content/sih/en/profile.Startup.6a0af405e4b07cca57a30722.html,Startup India (DPIIT profile)
HELIXOVA SOLUTIONS PRIVATE LIMITED,Validation,Cooch Behar,Healthcare & Lifesciences,https://www.startupindia.gov.in/content/sih/en/profile.Startup.6a0ad764e4b07cca57a2f39d.html,Startup India (DPIIT profile)
ZENTROMECH INDUSTRIES PRIVATE LIMITED,Validation,Kolkata,Renewable Energy,https://www.startupindia.gov.in/content/sih/en/profile.Startup.6a0aba90e4b07cca57a2e2cb.html,Startup India (DPIIT profile)
LEFKOS GLOBAL PRIVATE LIMITED,Validation,Nadia,Renewable Energy,https://www.startupindia.gov.in/content/sih/en/profile.Startup.6a09dbb8e4b07cca57a2a5b4.html,Startup India (DPIIT profile)
S. J. PATEL INDUSTRIES PRIVATE LIMITED,Validation,Kolkata,Technology Hardware,https://www.startupindia.gov.in/content/sih/en/profile.Startup.6a099b95e4b07cca57a297dc.html,Startup India (DPIIT profile)
XEQUALTO ANALYTICS PRIVATE LIMITED,Early Traction,Paschim Medinipur,IT Services,https://www.startupindia.gov.in/content/sih/en/profile.Startup.6a094909e4b07cca57a28417.html,Startup India (DPIIT profile)
LIPS INDIA PRIVATE LIMITED,Ideation,Hooghly,Healthcare & Lifesciences,https://www.startupindia.gov.in/content/sih/en/profile.Startup.6a085ec2e4b07cca57a2605e.html,Startup India (DPIIT profile)
REGIKART PRIVATE LIMITED,Validation,Kolkata,Finance Technology,https://www.startupindia.gov.in/content/sih/en/profile.Startup.6a084e7be4b07cca57a25725.html,Startup India (DPIIT profile)
ZAYPAX OVERSEAS PRIVATE LIMITED,Ideation,North 24 Parganas,Professional & Commercial Services,https://www.startupindia.gov.in/content/sih/en/profile.Startup.6a0849c7e4b07cca57a25485.html,Startup India (DPIIT profile)
CEF INTERNATIONAL VETERINARY HEALTHCARE PRIVATE LIMITED,Early Traction,Kolkata,Pets & Animals,https://www.startupindia.gov.in/content/sih/en/profile.Startup.6a083006e4b07cca57a248ae.html,Startup India (DPIIT profile)
RINNCREST FINANCIAL TECHNOLOGIES PRIVATE LIMITED,Validation,Kolkata,Finance Technology,https://www.startupindia.gov.in/content/sih/en/profile.Startup.6a081d29e4b07cca57a23c50.html,Startup India (DPIIT profile)
TERRESTRIAL GIS SURVEYS PRIVATE LIMITED,Validation,Howrah,IT Services,https://www.startupindia.gov.in/content/sih/en/profile.Startup.6a0810abe4b07cca57a22681.html,Startup India (DPIIT profile)
TMTPET PRIVATE LIMITED,Ideation,North 24 Parganas,Green Technology,https://www.startupindia.gov.in/content/sih/en/profile.Startup.6a071a2de4b07cca57a1c185.html,Startup India (DPIIT profile)
SUBLIME SUCCESS PRIVATE LIMITED,Early Traction,Birbhum,Indic Language Startups,https://www.startupindia.gov.in/content/sih/en/profile.Startup.6a071529e4b07cca57a1b9a8.html,Startup India (DPIIT profile)
R'INGH MARKETING PRIVATE LIMITED,Ideation,Darjeeling,Advertising,https://www.startupindia.gov.in/content/sih/en/profile.Startup.6a070d15e4b07cca57a1af87.html,Startup India (DPIIT profile)
XYZ LEARNING PRIVATE LIMITED,Validation,Kolkata,Education,https://www.startupindia.gov.in/content/sih/en/profile.Startup.6a06f49ae4b07cca57a193b9.html,Startup India (DPIIT profile)
PASCALBLUE STUDIO PRIVATE LIMITED,Validation,North 24 Parganas,AI,https://www.startupindia.gov.in/content/sih/en/profile.Startup.6a06f226e4b07cca57a1915c.html,Startup India (DPIIT profile)
MARCUS WEALTH MANAGEMENT LLP,Ideation,Kolkata,Professional & Commercial Services,https://www.startupindia.gov.in/content/sih/en/profile.Startup.6a06ed71e4b07cca57a18bfe.html,Startup India (DPIIT profile)
VALANTECH SOLUTIONS PRIVATE LIMITED,Validation,Kolkata,IT Services,https://www.startupindia.gov.in/content/sih/en/profile.Startup.6a06ec80e4b07cca57a18a5d.html,Startup India (DPIIT profile)
AUVIHAUS GLOBAL PRIVATE LIMITED,Early Traction,South 24 Parganas,IT Services,https://www.startupindia.gov.in/content/sih/en/profile.Startup.6a06ec50e4b07cca57a18a13.html,Startup India (DPIIT profile)
ALICA PROJECTS PRIVATE LIMITED,Scaling,Birbhum,Construction,https://www.startupindia.gov.in/content/sih/en/profile.Startup.6a06e388e4b07cca57a17f74.html,Startup India (DPIIT profile)
DUTTA GOLD AND DIAMOND PRIVATE LIMITED,Validation,Kolkata,Fashion,https://www.startupindia.gov.in/content/sih/en/profile.Startup.6a06e1c1e4b07cca57a17d5c.html,Startup India (DPIIT profile)
HOTELUXE SUPPLIES PRIVATE LIMITED,Ideation,Howrah,Green Technology,https://www.startupindia.gov.in/content/sih/en/profile.Startup.6a06defae4b07cca57a17a75.html,Startup India (DPIIT profile)
THE BOHEMIANS EXPERIENCE PRIVATE LIMITED,Validation,North 24 Parganas,Travel & Tourism,https://www.startupindia.gov.in/content/sih/en/profile.Startup.6a06c71be4b07cca57a1623d.html,Startup India (DPIIT profile)
HAZRA HEALTHCARE LLP,Validation,Purba Bardhaman,Healthcare & Lifesciences,https://www.startupindia.gov.in/content/sih/en/profile.Startup.6a06c552e4b07cca57a15fab.html,Startup India (DPIIT profile)
NIRDHARAN VALUATORS & CONSULTANTS LLP,Ideation,North 24 Parganas,Finance Technology,https://www.startupindia.gov.in/content/sih/en/profile.Startup.6a06c0dce4b07cca57a159fc.html,Startup India (DPIIT profile)
PRIBONIX NATURAL PRODUCT LLP,Early Traction,Purba Bardhaman,Agriculture,https://www.startupindia.gov.in/content/sih/en/profile.Startup.6a06bdf7e4b07cca57a15620.html,Startup India (DPIIT profile)
VYUSSTI WELLNESS AND AESTHETIC LLP,Early Traction,Kolkata,Healthcare & Lifesciences,https://www.startupindia.gov.in/content/sih/en/profile.Startup.6a05fc99e4b07cca57a11148.html,Startup India (DPIIT profile)
S S AND CO LLP,Early Traction,Kolkata,Professional & Commercial Services,https://www.startupindia.gov.in/content/sih/en/profile.Startup.6a05df88e4b07cca57a1020d.html,Startup India (DPIIT profile)
DEVESHI DELIGHTS PRIVATE LIMITED,Scaling,North 24 Parganas,Food & Beverages,https://www.startupindia.gov.in/content/sih/en/profile.Startup.6a05c7d4e4b07cca57a0f081.html,Startup India (DPIIT profile)
DEEP-ROOTED AGRO PRIVATE LIMITED,Ideation,Kolkata,Agriculture,https://www.startupindia.gov.in/content/sih/en/profile.Startup.6a05c28ae4b07cca57a0e9f2.html,Startup India (DPIIT profile)
SONOVA LLP,Ideation,Kolkata,Healthcare & Lifesciences,https://www.startupindia.gov.in/content/sih/en/profile.Startup.6a05be85e4b07cca57a0e4df.html,Startup India (DPIIT profile)
PANKAJ SOLUTION PRIVATE LIMITED,Ideation,Cooch Behar,Human Resources,https://www.startupindia.gov.in/content/sih/en/profile.Startup.6a05bb76e4b07cca57a0e0f1.html,Startup India (DPIIT profile)
PKG GLOBAL LLP,Ideation,South 24 Parganas,Food & Beverages,https://www.startupindia.gov.in/content/sih/en/profile.Startup.6a05b7f3e4b07cca57a0dce0.html,Startup India (DPIIT profile)
PANTHAR MEDIA PRIVATE LIMITED,Validation,South 24 Parganas,Marketing,https://www.startupindia.gov.in/content/sih/en/profile.Startup.6a05b636e4b07cca57a0dabd.html,Startup India (DPIIT profile)
NEXGEN BIOLOGICS PRIVATE LIMITED,Ideation,Purba Medinipur,Biotechnology,https://www.startupindia.gov.in/content/sih/en/profile.Startup.6a05acd3e4b07cca57a0cde3.html,Startup India (DPIIT profile)
SG INNOVATION PRIVATE LIMITED,Ideation,Purba Bardhaman,IT Services,https://www.startupindia.gov.in/content/sih/en/profile.Startup.6a059eede4b07cca57a0b97c.html,Startup India (DPIIT profile)
DIGIFINLAB TECHNOLOGIES PRIVATE LIMITED,Validation,Paschim Bardhaman,Finance Technology,https://www.startupindia.gov.in/content/sih/en/profile.Startup.6a0594b8e4b07cca57a0ae89.html,Startup India (DPIIT profile)
PLASMADTECT PRIVATE LIMITED,Early Traction,Kolkata,Biotechnology,https://www.startupindia.gov.in/content/sih/en/profile.Startup.6a0581c3e4b07cca579fb87c.html,Startup India (DPIIT profile)
BARBARIK AEROSPACE LLP,Ideation,Paschim Medinipur,Aeronautics Aerospace & Defence,https://www.startupindia.gov.in/content/sih/en/profile.Startup.6a055cd1e4b07cca579f14dd.html,Startup India (DPIIT profile)
XEPHIX TECHNOLOGIES PRIVATE LIMITED,Validation,North 24 Parganas,Enterprise Software,https://www.startupindia.gov.in/content/sih/en/profile.Startup.6a0558b2e4b07cca579f0f26.html,Startup India (DPIIT profile)
EKATMA INFRAA LLP,Validation,Kolkata,Toys and Games,https://www.startupindia.gov.in/content/sih/en/profile.Startup.6a04a164e4b07cca579ee640.html,Startup India (DPIIT profile)
movic,Validation,Howrah,AI,https://www.startupindia.gov.in/content/sih/en/profile.Startup.6a048bbde4b07cca579eddb3.html,Startup India (DPIIT profile)
OMUSHA PHARMACEUTICALS PRIVATE LIMITED,Scaling,Kolkata,Healthcare & Lifesciences,https://www.startupindia.gov.in/content/sih/en/profile.Startup.6a045d94e4b07cca579ebf68.html,Startup India (DPIIT profile)
ALOR THIKANA FARMERS PRODUCER COMPANY LIMITED,Validation,South 24 Parganas,Agriculture,https://www.startupindia.gov.in/content/sih/en/profile.Startup.6a045cf0e4b07cca579ebedc.html,Startup India (DPIIT profile)
SINHAGRI PRIVATE LIMITED,Ideation,Purba Medinipur,Retail,https://www.startupindia.gov.in/content/sih/en/profile.Startup.6a045ba1e4b07cca579ebd67.html,Startup India (DPIIT profile)
DIPSUM FOOD AND BEVERAGE LLP,Early Traction,North 24 Parganas,Food & Beverages,https://www.startupindia.gov.in/content/sih/en/profile.Startup.6a04588fe4b07cca579eb97d.html,Startup India (DPIIT profile)
DRISTKON VINIMAY LLP,Validation,Kolkata,Professional & Commercial Services,https://www.startupindia.gov.in/content/sih/en/profile.Startup.6a04213ce4b07cca579ddc2b.html,Startup India (DPIIT profile)
RXDAVA HEALTH AIM PRIVATE LIMITED,Ideation,Cooch Behar,Healthcare & Lifesciences,https://www.startupindia.gov.in/content/sih/en/profile.Startup.6a041690e4b07cca579db5d7.html,Startup India (DPIIT profile)
ALCES PHARMACEUTICALS PRIVATE LIMITED,Early Traction,Kolkata,Healthcare & Lifesciences,https://www.startupindia.gov.in/content/sih/en/profile.Startup.6a03fb4ce4b07cca579d903a.html,Startup India (DPIIT profile)
DR PRATIM'S ACADEMY LLP,Ideation,Kolkata,Education,https://www.startupindia.gov.in/content/sih/en/profile.Startup.6a03464fe4b07cca579d7142.html,Startup India (DPIIT profile)
ILLUME AI INNOVATIONS PRIVATE LIMITED,Validation,South 24 Parganas,IT Services,https://www.startupindia.gov.in/content/sih/en/profile.Startup.6a032e22e4b07cca579d68a3.html,Startup India (DPIIT profile)
TRISYNERGOS GLOBAL PRIVATE LIMITED,Ideation,Hooghly,Food & Beverages,https://www.startupindia.gov.in/content/sih/en/profile.Startup.6a032220e4b07cca579d6281.html,Startup India (DPIIT profile)
CURACLOUD TECHNOLOGY SOLUTIONS PRIVATE LIMITED,Ideation,Birbhum,IT Services,https://www.startupindia.gov.in/content/sih/en/profile.Startup.6a031f31e4b07cca579d6108.html,Startup India (DPIIT profile)
FT INNOVATIVE LLP,Scaling,North 24 Parganas,Food & Beverages,https://www.startupindia.gov.in/content/sih/en/profile.Startup.6a031c1ce4b07cca579d5f48.html,Startup India (DPIIT profile)
MANTAV NATURALS PRIVATE LIMITED,Early Traction,Nadia,Waste Management,https://www.startupindia.gov.in/content/sih/en/profile.Startup.6a031661e4b07cca579d5b1b.html,Startup India (DPIIT profile)
ZENTRA AI PRIVATE LIMITED,Early Traction,North 24 Parganas,AI,https://www.startupindia.gov.in/content/sih/en/profile.Startup.6a030656e4b07cca579d4d6f.html,Startup India (DPIIT profile)
NANOTHERAGNOSTIC RESEARCH PRIVATE LIMITED,Validation,South 24 Parganas,Healthcare & Lifesciences,https://www.startupindia.gov.in/content/sih/en/profile.Startup.6a025afbe4b07cca579cfe0c.html,Startup India (DPIIT profile)
HEALIV NUTRA PRIVATE LIMITED,Validation,Paschim Bardhaman,Healthcare & Lifesciences,https://www.startupindia.gov.in/content/sih/en/profile.Startup.6a01ee22e4b07cca579cbd29.html,Startup India (DPIIT profile)
VNK FOODCRAFT LLP,Ideation,Kolkata,Food & Beverages,https://www.startupindia.gov.in/content/sih/en/profile.Startup.6a0191b9e4b07cca579c1d85.html,Startup India (DPIIT profile)
SKE INFRAPROJECTS PRIVATE LIMITED,Ideation,Kolkata,Construction,https://www.startupindia.gov.in/content/sih/en/profile.Startup.6a018413e4b07cca579c144b.html,Startup India (DPIIT profile)
PRNAM HOSPITALITY PRIVATE LIMITED,Scaling,Kolkata,Education,https://www.startupindia.gov.in/content/sih/en/profile.Startup.6a017d26e4b07cca579c0e35.html,Startup India (DPIIT profile)
VRITANTA PROPERTIES PRIVATE LIMITED,Ideation,South 24 Parganas,Real Estate,https://www.startupindia.gov.in/content/sih/en/profile.Startup.6a017be3e4b07cca579c0cc1.html,Startup India (DPIIT profile)
GENOCON INTERNATIONAL VENTURES LLP,Scaling,North 24 Parganas,Professional & Commercial Services,https://www.startupindia.gov.in/content/sih/en/profile.Startup.6a00bc83e4b07cca579be305.html,Startup India (DPIIT profile)
ORVEXIA BIOSOLUTIONS PRIVATE LIMITED,Validation,North 24 Parganas,Healthcare & Lifesciences,https://www.startupindia.gov.in/content/sih/en/profile.Startup.6a00996de4b07cca579bda6c.html,Startup India (DPIIT profile)
HIREDUE PRIVATE LIMITED,Validation,North 24 Parganas,Human Resources,https://www.startupindia.gov.in/content/sih/en/profile.Startup.6a009953e4b07cca579bda4f.html,Startup India (DPIIT profile)
UNIVERSE RESEARCH & DEVELOPMENT HOUSE PRIVATE LIMITED,Ideation,Kolkata,Food & Beverages,https://www.startupindia.gov.in/content/sih/en/profile.Startup.69ff394ce4b07cca579b9698.html,Startup India (DPIIT profile)
SHAFA MARINE & SERVICE PRIVATE LIMITED,Ideation,Kolkata,Human Resources,https://www.startupindia.gov.in/content/sih/en/profile.Startup.69ff3133e4b07cca579b93e8.html,Startup India (DPIIT profile)
XAVION BEVERAGES LLP,Ideation,Jalpaiguri,Food & Beverages,https://www.startupindia.gov.in/content/sih/en/profile.Startup.69ff0f10e4b07cca579b802b.html,Startup India (DPIIT profile)
TKG SCIENTIFIC INSTRUMENTS PRIVATE LIMITED,Early Traction,South 24 Parganas,Healthcare & Lifesciences,https://www.startupindia.gov.in/content/sih/en/profile.Startup.69fef5a3e4b07cca579b743a.html,Startup India (DPIIT profile)
PANDEY GROUP OF HEALTHCARE PRIVATE LIMITED,Ideation,North 24 Parganas,Healthcare & Lifesciences,https://www.startupindia.gov.in/content/sih/en/profile.Startup.69feda7be4b07cca579b67ae.html,Startup India (DPIIT profile)
VISTRIT VANIJYA PRIVATE LIMITED,Validation,Kolkata,Professional & Commercial Services,https://www.startupindia.gov.in/content/sih/en/profile.Startup.69fecd20e4b07cca579b61f5.html,Startup India (DPIIT profile)
XPRESSINDIA LOGISTICS PRIVATE LIMITED,Scaling,North 24 Parganas,Logistics,https://www.startupindia.gov.in/content/sih/en/profile.Startup.69fe253be4b07cca579b4b7b.html,Startup India (DPIIT profile)
NexaNeura Technologies Private Limited.,Early Traction,Kolkata,AI,https://www.startupindia.gov.in/content/sih/en/profile.Startup.69fdf855e4b07cca579b3e7f.html,Startup India (DPIIT profile)
HOMEMADE SHOPPING PRIVATE LIMITED,Validation,Howrah,Retail,https://www.startupindia.gov.in/content/sih/en/profile.Startup.69fde632e4b07cca579b36d5.html,Startup India (DPIIT profile)
ROSKAN INTERNATIONAL PRIVATE LIMITED,Scaling,Kolkata,Professional & Commercial Services,https://www.startupindia.gov.in/content/sih/en/profile.Startup.69fdd7b9e4b07cca579b2fc8.html,Startup India (DPIIT profile)
SHREE AY AGRO FOODS LLP,Early Traction,Kolkata,Agriculture,https://www.startupindia.gov.in/content/sih/en/profile.Startup.69fdd716e4b07cca579b2f68.html,Startup India (DPIIT profile)
SANJUSHA ASSET SOLUTIONS INDIA PRIVATE LIMITED,Ideation,Kolkata,Transportation & Storage,https://www.startupindia.gov.in/content/sih/en/profile.Startup.69fdc8dee4b07cca579b2367.html,Startup India (DPIIT profile)
IMPACTCO ENTERPRISES LLP,Scaling,Kolkata,Renewable Energy,https://www.startupindia.gov.in/content/sih/en/profile.Startup.69fdc14de4b07cca579b1d43.html,Startup India (DPIIT profile)
NUCLEVIA WELLNESS PRIVATE LIMITED,Validation,Paschim Bardhaman,Healthcare & Lifesciences,https://www.startupindia.gov.in/content/sih/en/profile.Startup.69fdbf9ee4b07cca579b1b9f.html,Startup India (DPIIT profile)
REACH AND IMPACT CORPORATE PRIVATE LIMITED,Early Traction,Kolkata,Human Resources,https://www.startupindia.gov.in/content/sih/en/profile.Startup.69fdbdf8e4b07cca579b1a2b.html,Startup India (DPIIT profile)
MNPR OUTSOURCING E INFRA PRIVATE LIMITED,Validation,Howrah,Human Resources,https://www.startupindia.gov.in/content/sih/en/profile.Startup.69fd838fe4b07cca579add25.html,Startup India (DPIIT profile)
GBSOFT ANALYTICS PRIVATE LIMITED,Ideation,Kolkata,IT Services,https://www.startupindia.gov.in/content/sih/en/profile.Startup.69fcaa72e4b07cca579ab02c.html,Startup India (DPIIT profile)
LEGALMEDIA SOLUTIONS PRIVATE LIMITED,Validation,South 24 Parganas,Professional & Commercial Services,https://www.startupindia.gov.in/content/sih/en/profile.Startup.69fc9706e4b07cca579aa9e1.html,Startup India (DPIIT profile)
NESSEFY LLP,Ideation,Kolkata,IT Services,https://www.startupindia.gov.in/content/sih/en/profile.Startup.69fc9422e4b07cca579aa8f2.html,Startup India (DPIIT profile)
EVERGREEN ESSENTIALS PRIVATE LIMITED,Validation,Murshidabad,Retail,https://www.startupindia.gov.in/content/sih/en/profile.Startup.69fc93ade4b07cca579aa8be.html,Startup India (DPIIT profile)
SREI FACTORS PRIVATE LIMITED,Scaling,Kolkata,Finance Technology,https://www.startupindia.gov.in/content/sih/en/profile.Startup.69fc85b0e4b07cca579aa3d1.html,Startup India (DPIIT profile)
GOBINKIES PET CARE PRIVATE LIMITED,Early Traction,North 24 Parganas,Pets & Animals,https://www.startupindia.gov.in/content/sih/en/profile.Startup.69fc768ae4b07cca579a9ab4.html,Startup India (DPIIT profile)
MAHADEVAYA NAMAH PRIVATE LIMITED,Validation,Howrah,Logistics,https://www.startupindia.gov.in/content/sih/en/profile.Startup.69fc58e7e4b07cca579a88a0.html,Startup India (DPIIT profile)
NutriSource India Private Limited,Validation,Kolkata,Agriculture,https://www.startupindia.gov.in/content/sih/en/profile.Startup.69fc51fee4b07cca579a8424.html,Startup India (DPIIT profile)
K M & N MEDIA LLP,Validation,North 24 Parganas,AI,https://www.startupindia.gov.in/content/sih/en/profile.Startup.69fc48bbe4b07cca579a7ebc.html,Startup India (DPIIT profile)
LOYALELFS TECHNOLOGIES PRIVATE LIMITED,Validation,Paschim Bardhaman,Construction,https://www.startupindia.gov.in/content/sih/en/profile.Startup.69fc302be4b07cca579a6e9b.html,Startup India (DPIIT profile)
CAMPESINO PRIVATE LIMITED,Early Traction,Purulia,Agriculture,https://www.startupindia.gov.in/content/sih/en/profile.Startup.69fb7c4ee4b07cca579a3957.html,Startup India (DPIIT profile)
GITAVEDA PRIVATE LIMITED,Ideation,Cooch Behar,Healthcare & Lifesciences,https://www.startupindia.gov.in/content/sih/en/profile.Startup.69fb57ebe4b07cca579a2fcb.html,Startup India (DPIIT profile)
SOVRA TECHNOLOGY PRIVATE LIMITED,Validation,Kolkata,IT Services,https://www.startupindia.gov.in/content/sih/en/profile.Startup.69fb363fe4b07cca579a2101.html,Startup India (DPIIT profile)
KHAANAKART FOODS PRIVATE LIMITED,Ideation,Hooghly,Food & Beverages,https://www.startupindia.gov.in/content/sih/en/profile.Startup.69fb2615e4b07cca579a173e.html,Startup India (DPIIT profile)
DREVX PRIVATE LIMITED,Ideation,Nadia,Healthcare & Lifesciences,https://www.startupindia.gov.in/content/sih/en/profile.Startup.69fb1c99e4b07cca579a1104.html,Startup India (DPIIT profile)
BEEU AQUAFOOD LLP,Ideation,Kolkata,Food & Beverages,https://www.startupindia.gov.in/content/sih/en/profile.Startup.69fb1c59e4b07cca579a10cf.html,Startup India (DPIIT profile)
AGRAGAMI VENTURES PRIVATE LIMITED,Ideation,Kolkata,Professional & Commercial Services,https://www.startupindia.gov.in/content/sih/en/profile.Startup.69faf1a6e4b07cca5799f564.html,Startup India (DPIIT profile)
DRAGONOS (OPC) PRIVATE LIMITED,Validation,Kolkata,AI,https://www.startupindia.gov.in/content/sih/en/profile.Startup.69fae24ae4b07cca5799ebf2.html,Startup India (DPIIT profile)
BK TAOTEL HOSPITALITY LLP,Scaling,Kolkata,Travel & Tourism,https://www.startupindia.gov.in/content/sih/en/profile.Startup.69fa50c4e4b07cca5799cdc8.html,Startup India (DPIIT profile)
AIIT LABS PRIVATE LIMITED,Validation,Kolkata,AI,https://www.startupindia.gov.in/content/sih/en/profile.Startup.69f9e7fee4b07cca5799b47c.html,Startup India (DPIIT profile)
CHITY PROPERTIES PRIVATE LIMITED,Ideation,Kolkata,Real Estate,https://www.startupindia.gov.in/content/sih/en/profile.Startup.69f9d43de4b07cca5799a9ac.html,Startup India (DPIIT profile)
TUBE DYNAMICS PRIVATE LIMITED,Ideation,North 24 Parganas,Construction,https://www.startupindia.gov.in/content/sih/en/profile.Startup.69f9d272e4b07cca5799a87a.html,Startup India (DPIIT profile)
ARTERRA GLOBAL ENTERPRISE PRIVATE LIMITED,Early Traction,Kolkata,Real Estate,https://www.startupindia.gov.in/content/sih/en/profile.Startup.69f9d14ae4b07cca5799a7d6.html,Startup India (DPIIT profile)
INVESTA TECH SOLUTIONS PRIVATE LIMITED,Ideation,Kolkata,IT Services,https://www.startupindia.gov.in/content/sih/en/profile.Startup.69f9c97ee4b07cca5799a2d8.html,Startup India (DPIIT profile)
SALAMAT CONTRACTS LLP,Scaling,Kolkata,Construction,https://www.startupindia.gov.in/content/sih/en/profile.Startup.69f9c516e4b07cca5799a080.html,Startup India (DPIIT profile)
BIZZASIA TECHNOLOGY PRIVATE LIMITED,Ideation,Cooch Behar,Travel & Tourism,https://www.startupindia.gov.in/content/sih/en/profile.Startup.69f9bf49e4b07cca57999d29.html,Startup India (DPIIT profile)
ANANTA INSTITUTE OF MEDICAL SCIENCE PRIVATE LIMITED,Ideation,Tamluk,Healthcare & Lifesciences,https://www.startupindia.gov.in/content/sih/en/profile.Startup.69f9bc17e4b07cca57999aa3.html,Startup India (DPIIT profile)
SOURODEEP GREEN POWER PRIVATE LIMITED,Early Traction,North 24 Parganas,Renewable Energy,https://www.startupindia.gov.in/content/sih/en/profile.Startup.69f9960de4b07cca579984ec.html,Startup India (DPIIT profile)
MAKEZEN INDUSTRY LLP,Ideation,Darjeeling,Telecommunication & Networking,https://www.startupindia.gov.in/content/sih/en/profile.Startup.69f8a6e1e4b07cca579956ec.html,Startup India (DPIIT profile)
ELVERA COUTURE PRIVATE LIMITED,Ideation,South 24 Parganas,Fashion,https://www.startupindia.gov.in/content/sih/en/profile.Startup.69f8861be4b07cca57994919.html,Startup India (DPIIT profile)
UMAMI MILK PRIVATE LIMITED,Ideation,Tamluk,Agriculture,https://www.startupindia.gov.in/content/sih/en/profile.Startup.69f86b54e4b07cca579938fd.html,Startup India (DPIIT profile)
LIGHTFX INDUSTRIES PRIVATE LIMITED,Scaling,Howrah,Events,https://www.startupindia.gov.in/content/sih/en/profile.Startup.69f64c6fe4b07cca5798cec8.html,Startup India (DPIIT profile)
INTERNATIONAL TRIBAL WELFARE FOUNDATION,Ideation,Jalpaiguri,Human Resources,https://www.startupindia.gov.in/content/sih/en/profile.Startup.69f5a11ce4b07cca57989d51.html,Startup India (DPIIT profile)
TRUEBIOWASH PRIVATE LIMITED,Ideation,North 24 Parganas,Retail,https://www.startupindia.gov.in/content/sih/en/profile.Startup.69f497bee4b07cca57986cd0.html,Startup India (DPIIT profile)
AZURERIFT TECHNOLOGIES PRIVATE LIMITED,Ideation,Kharagpur,IT Services,https://www.startupindia.gov.in/content/sih/en/profile.Startup.69f48ff7e4b07cca579868d9.html,Startup India (DPIIT profile)
ACADEMY OF SEED - SEEDLING INSTITUTE OF LEARNING LLP,Ideation,North 24 Parganas,Education,https://www.startupindia.gov.in/content/sih/en/profile.Startup.69f485e0e4b07cca5798636f.html,Startup India (DPIIT profile)
MOXTECH INNOVATIONS PRIVATE LIMITED,Early Traction,North 24 Parganas,Technology Hardware,https://www.startupindia.gov.in/content/sih/en/profile.Startup.69f47665e4b07cca57985c67.html,Startup India (DPIIT profile)
MATRIXITY GLOBAL PRIVATE LIMITED,Early Traction,Birbhum,Healthcare & Lifesciences,https://www.startupindia.gov.in/content/sih/en/profile.Startup.69f45908e4b07cca5798505d.html,Startup India (DPIIT profile)
Rehearsal AI Labs Pvt Ltd,Early Traction,Kolkata,Human Resources,https://www.startupindia.gov.in/content/sih/en/profile.Startup.69f39ca6e4b07cca5798277b.html,Startup India (DPIIT profile)
NSDVIBE CREATIONS LLP,Scaling,Kolkata,Textiles & Apparel,https://www.startupindia.gov.in/content/sih/en/profile.Startup.69f33a27e4b07cca5797e1a0.html,Startup India (DPIIT profile)
INCUBOO VENTURES PRIVATE LIMITED,Early Traction,Kolkata,Agriculture,https://www.startupindia.gov.in/content/sih/en/profile.Startup.69f3217be4b07cca5797c40e.html,Startup India (DPIIT profile)
WEBINDI TECHNOLOGIES PRIVATE LIMITED,Validation,North 24 Parganas,IT Services,https://www.startupindia.gov.in/content/sih/en/profile.Startup.69f313fae4b07cca5797b684.html,Startup India (DPIIT profile)
EQUIPMED TECHNOLOGIES PRIVATE LIMITED,Early Traction,Darjeeling,Healthcare & Lifesciences,https://www.startupindia.gov.in/content/sih/en/profile.Startup.69f2fd62e4b07cca57979d4e.html,Startup India (DPIIT profile)
REVOLTAERO SYSTEMS PVT LTD,Ideation,Kharagpur,Aeronautics Aerospace & Defence,https://www.startupindia.gov.in/content/sih/en/profile.Startup.69f2ec39e4b07cca57978721.html,Startup India (DPIIT profile)
BRANDIGIT PRIVATE LIMITED,Ideation,Kolkata,Education,https://www.startupindia.gov.in/content/sih/en/profile.Startup.69f1e400e4b07cca579710ac.html,Startup India (DPIIT profile)
LUMINOVA HUB (OPC) PRIVATE LIMITED,Validation,Medinipur,Renewable Energy,https://www.startupindia.gov.in/content/sih/en/profile.Startup.69f1c804e4b07cca5796f71b.html,Startup India (DPIIT profile)
SANOVRA LLP,Ideation,Kolkata,Media & Entertainment,https://www.startupindia.gov.in/content/sih/en/profile.Startup.69f1abbfe4b07cca5796e061.html,Startup India (DPIIT profile)
DRX CONSULT PRIVATE LIMITED,Ideation,Bankura,Healthcare & Lifesciences,https://www.startupindia.gov.in/content/sih/en/profile.Startup.69f0aaeee4b07cca579698da.html,Startup India (DPIIT profile)
MT RIDDHISH MANUFACTURING PRIVATE LIMITED,Ideation,Hooghly,Agriculture,https://www.startupindia.gov.in/content/sih/en/profile.Startup.69f0a705e4b07cca57969693.html,Startup India (DPIIT profile)
HG LABS (OPC) PRIVATE LIMITED,Validation,North 24 Parganas,Advertising,https://www.startupindia.gov.in/content/sih/en/profile.Startup.69f075f7e4b07cca5796724e.html,Startup India (DPIIT profile)
SSPEAK SMART INSTITUTE (OPC) PRIVATE LIMITED,Scaling,Maldah,Education,https://www.startupindia.gov.in/content/sih/en/profile.Startup.69f05b55e4b07cca57965d7e.html,Startup India (DPIIT profile)
UMAMI SOLUTIONS PRIVATE LIMITED,Ideation,Kolkata,Healthcare & Lifesciences,https://www.startupindia.gov.in/content/sih/en/profile.Startup.69efd9b4e4b07cca5796360e.html,Startup India (DPIIT profile)
NYER & SINGH RAIL TECH PRIVATE LIMITED,Early Traction,Paschim Bardhaman,Construction,https://www.startupindia.gov.in/content/sih/en/profile.Startup.69ef52bde4b07cca57960a2f.html,Startup India (DPIIT profile)
APRONHANGER PRIVATE LIMITED,Early Traction,North 24 Parganas,Healthcare & Lifesciences,https://www.startupindia.gov.in/content/sih/en/profile.Startup.69ef5014e4b07cca57960870.html,Startup India (DPIIT profile)
INDIAN APPAREL & LIFESTYLE LLP,Validation,Howrah,Media & Entertainment,https://www.startupindia.gov.in/content/sih/en/profile.Startup.69ef1800e4b07cca5795d3c2.html,Startup India (DPIIT profile)
SEVORA TECHNOLOGIES PRIVATE LIMITED,Early Traction,North 24 Parganas,Retail,https://www.startupindia.gov.in/content/sih/en/profile.Startup.69eeff54e4b07cca5795bddb.html,Startup India (DPIIT profile)
AK ELECTRIC VEHICLE PRIVATE LIMITED,Early Traction,South 24 Parganas,Automotive,https://www.startupindia.gov.in/content/sih/en/profile.Startup.69edfeb4e4b07cca57958b22.html,Startup India (DPIIT profile)
AQUANEX VENTURES PRIVATE LIMITED,Ideation,Kalimpong,Agriculture,https://www.startupindia.gov.in/content/sih/en/profile.Startup.69ede353e4b07cca57958576.html,Startup India (DPIIT profile)
PICOPORIUM MATERIALS LLP,Scaling,North 24 Parganas,Aeronautics Aerospace & Defence,https://www.startupindia.gov.in/content/sih/en/profile.Startup.69ecfa8fe4b07cca5795621d.html,Startup India (DPIIT profile)
RUBI MICRO SERVICES & GROUP ASSOCIATION,Validation,Siliguri,Finance Technology,https://www.startupindia.gov.in/content/sih/en/profile.Startup.69ecd25be4b07cca579559d5.html,Startup India (DPIIT profile)
ESSAYPULSE EDUCATION PRIVATE LIMITED,Scaling,Murshidabad,Education,https://www.startupindia.gov.in/content/sih/en/profile.Startup.69ec8bede4b07cca57953a96.html,Startup India (DPIIT profile)
CONNEXOLVE INFOTECH PRIVATE LIMITED,Early Traction,Kolkata,IT Services,https://www.startupindia.gov.in/content/sih/en/profile.Startup.69ec867ee4b07cca5795379e.html,Startup India (DPIIT profile)
PDX NUCLEUS LLP,Ideation,Kolkata,Healthcare & Lifesciences,https://www.startupindia.gov.in/content/sih/en/profile.Startup.69ec66a6e4b07cca5795259f.html,Startup India (DPIIT profile)
FRUIPO PRIVATE LIMITED,Scaling,South 24 Parganas,Food & Beverages,https://www.startupindia.gov.in/content/sih/en/profile.Startup.69eb687ae4b07cca5794eaf4.html,Startup India (DPIIT profile)
RONRAJ MEDIA LLP,Validation,South 24 Parganas,Media & Entertainment,https://www.startupindia.gov.in/content/sih/en/profile.Startup.69eb672ee4b07cca5794ea51.html,Startup India (DPIIT profile)
INDIA HAAT AGROTECH PRIVATE LIMITED,Early Traction,North 24 Parganas,Food & Beverages,https://www.startupindia.gov.in/content/sih/en/profile.Startup.69eb4e9be4b07cca5794d971.html,Startup India (DPIIT profile)
PAYBRIDGE SERVICES LLP,Validation,Kolkata,Professional & Commercial Services,https://www.startupindia.gov.in/content/sih/en/profile.Startup.69eb4582e4b07cca5794d24b.html,Startup India (DPIIT profile)
MLPOINT TECHNOLOGIES LLP,Validation,South 24 Parganas,IT Services,https://www.startupindia.gov.in/content/sih/en/profile.Startup.69eb3b1ee4b07cca5794ca5d.html,Startup India (DPIIT profile)
APRIS RENEWABLE ENERGY PRIVATE LIMITED,Early Traction,Howrah,Renewable Energy,https://www.startupindia.gov.in/content/sih/en/profile.Startup.69eb37f2e4b07cca5794c7ad.html,Startup India (DPIIT profile)
SASSGROW PRIVATE LIMITED,Ideation,Kolkata,IT Services,https://www.startupindia.gov.in/content/sih/en/profile.Startup.69eb1825e4b07cca5794b391.html,Startup India (DPIIT profile)
SHYAM ADVANCED SYSTEMS PRIVATE LIMITED,Ideation,North 24 Parganas,Enterprise Software,https://www.startupindia.gov.in/content/sih/en/profile.Startup.69eb1642e4b07cca5794b22a.html,Startup India (DPIIT profile)
RUTI WALA (DOT) COM LLP,Ideation,North 24 Parganas,Food & Beverages,https://www.startupindia.gov.in/content/sih/en/profile.Startup.69eb0128e4b07cca5794a13c.html,Startup India (DPIIT profile)
YOURLOCALCOFFEEDEN PRIVATE LIMITED,Ideation,Kolkata,Food & Beverages,https://www.startupindia.gov.in/content/sih/en/profile.Startup.69ea3761e4b07cca57947b98.html,Startup India (DPIIT profile)
KAS SHELAC & CHEMICALS PRIVATE LIMITED,Ideation,Kolkata,Chemicals,https://www.startupindia.gov.in/content/sih/en/profile.Startup.69ea23c8e4b07cca579475f8.html,Startup India (DPIIT profile)
URBAN OASIS HOSPITALITY PRIVATE LIMITED,Ideation,Darjeeling,Travel & Tourism,https://www.startupindia.gov.in/content/sih/en/profile.Startup.69ea1a41e4b07cca579472b7.html,Startup India (DPIIT profile)
PARTHER TECHNOLOGIES PRIVATE LIMITED,Validation,North 24 Parganas,Logistics,https://www.startupindia.gov.in/content/sih/en/profile.Startup.69ea04c3e4b07cca579465d7.html,Startup India (DPIIT profile)
SHREE AMBIKA LOGISTICS PRIVATE LIMITED,Early Traction,Howrah,Transportation & Storage,https://www.startupindia.gov.in/content/sih/en/profile.Startup.69e9ef1ae4b07cca57945599.html,Startup India (DPIIT profile)
SUKHSRISTI FOUNDATION,Ideation,North 24 Parganas,Finance Technology,https://www.startupindia.gov.in/content/sih/en/profile.Startup.69e9e8d4e4b07cca5794512e.html,Startup India (DPIIT profile)
SAMSKRITA SAMSKRITI EDUCATIONAL INSTITUTE PRIVATE LIMITED,Ideation,Howrah,Education,https://www.startupindia.gov.in/content/sih/en/profile.Startup.69e9a6e5e4b07cca579428c8.html,Startup India (DPIIT profile)
ANKANAGRO IMPEX INTERNATIONAL PRIVATE LIMITED,Validation,Purba Bardhaman,Agriculture,https://www.startupindia.gov.in/content/sih/en/profile.Startup.69e8bb69e4b07cca5793febd.html,Startup India (DPIIT profile)
ERDE ENERGY PRIVATE LIMITED,Ideation,Kolkata,Automotive,https://www.startupindia.gov.in/content/sih/en/profile.Startup.69e8aabde4b07cca5793f3d6.html,Startup India (DPIIT profile)
KARESPECIAL PRIVATE LIMITED,Validation,Kolkata,Healthcare & Lifesciences,https://www.startupindia.gov.in/content/sih/en/profile.Startup.69e8721ee4b0704b9751affc.html,Startup India (DPIIT profile)
FLEETBLOC LLP,Ideation,Kolkata,Finance Technology,https://www.startupindia.gov.in/content/sih/en/profile.Startup.69e78e7fe4b07b726dda4cfb.html,Startup India (DPIIT profile)
WASTOL INDUSTRIES PRIVATE LIMITED,Early Traction,South 24 Parganas,Non- Renewable Energy,https://www.startupindia.gov.in/content/sih/en/profile.Startup.69e76024e4b07b726dda3851.html,Startup India (DPIIT profile)
UONELY SOLUTIONS PRIVATE LIMITED,Scaling,North 24 Parganas,Finance Technology,https://www.startupindia.gov.in/content/sih/en/profile.Startup.69e74f9fe4b07b726dda2d97.html,Startup India (DPIIT profile)
AURUMTERRA GLOBAL PRIVATE LIMITED,Early Traction,North 24 Parganas,Food & Beverages,https://www.startupindia.gov.in/content/sih/en/profile.Startup.69e73ff4e4b07b726dda2326.html,Startup India (DPIIT profile)
LANCEIQ SYSTEMS PRIVATE LIMITED,Validation,Kolkata,Logistics,https://www.startupindia.gov.in/content/sih/en/profile.Startup.69e6294ae4b07b726dd9d9a6.html,Startup India (DPIIT profile)
SCIGEEKS EDU-TECH PRIVATE LIMITED,Validation,Kolkata,Education,https://www.startupindia.gov.in/content/sih/en/profile.Startup.69e61eb1e4b07b726dd9d430.html,Startup India (DPIIT profile)
RIVERRUN TECHNOLOGIES PRIVATE LIMITED,Ideation,Purba Bardhaman,AI,https://www.startupindia.gov.in/content/sih/en/profile.Startup.69e60ea2e4b07b726dd9ca43.html,Startup India (DPIIT profile)
ENGINOVA TECHNOLOGIES PRIVATE LIMITED,Early Traction,Kolkata,Enterprise Software,https://www.startupindia.gov.in/content/sih/en/profile.Startup.69e5f4bfe4b0e7f6cc6093ff.html,Startup India (DPIIT profile)
DOCTORWALA,Validation,Howrah,Healthcare & Lifesciences,https://www.startupindia.gov.in/content/sih/en/profile.Startup.69e5d89be4b0e7f6cc6082f3.html,Startup India (DPIIT profile)
COMMUNITY FOR ACADEMIC RESEARCH AND DEVELOPMENT FOUNDATION,Early Traction,Alipurduar,Education,https://www.startupindia.gov.in/content/sih/en/profile.Startup.69e5d53ae4b0e7f6cc6080f8.html,Startup India (DPIIT profile)
ARYA FEBTEX PRIVATE LIMITED,Scaling,Kolkata,Fashion,https://www.startupindia.gov.in/content/sih/en/profile.Startup.69e5d259e4b0e7f6cc607f28.html,Startup India (DPIIT profile)
FUSIONAEVUM INNOVATIONS PRIVATE LIMITED,Ideation,Kolkata,Architecture Interior Design,https://www.startupindia.gov.in/content/sih/en/profile.Startup.69e5c218e4b0e7f6cc6074c0.html,Startup India (DPIIT profile)
JANAIDEAL RETAIL PRIVATE LIMITED,Early Traction,Purba Medinipur,Other Specialty Retailers,https://www.startupindia.gov.in/content/sih/en/profile.Startup.69e5ba8ae4b0e7f6cc606fdd.html,Startup India (DPIIT profile)
MIRAE INNOVATION SOLUTIONS LLP,Early Traction,Paschim Bardhaman,Safety,https://www.startupindia.gov.in/content/sih/en/profile.Startup.69e36978e4b0e7f6cc60124d.html,Startup India (DPIIT profile)
TEMCIA GLOBAL PRIVATE LIMITED,Ideation,North 24 Parganas,Textiles & Apparel,https://www.startupindia.gov.in/content/sih/en/profile.Startup.69e3462ce4b0e7f6cc60034d.html,Startup India (DPIIT profile)
HEALTHYJOY FOODS AND BEVERAGES PRIVATE LIMITED,Ideation,North 24 Parganas,Food & Beverages,https://www.startupindia.gov.in/content/sih/en/profile.Startup.69e3414de4b0e7f6cc60018b.html,Startup India (DPIIT profile)
QUANTYRA ANALYTICS PRIVATE LIMITED,Scaling,Kolkata,Analytics,https://www.startupindia.gov.in/content/sih/en/profile.Startup.69e31cf7e4b0e7f6cc5fef65.html,Startup India (DPIIT profile)
SHOPEXER TECHNOLOGIES LLP,Validation,North 24 Parganas,Retail,https://www.startupindia.gov.in/content/sih/en/profile.Startup.69e25b20e4b0e7f6cc5fd2cf.html,Startup India (DPIIT profile)
SHIVINDRANI INFINITY LLP,Ideation,South 24 Parganas,Healthcare & Lifesciences,https://www.startupindia.gov.in/content/sih/en/profile.Startup.69e1de7ae4b03fe8db9ae872.html,Startup India (DPIIT profile)
NRGINTEL CONSULTANCY PRIVATE LIMITED,Ideation,Kolkata,Non- Renewable Energy,https://www.startupindia.gov.in/content/sih/en/profile.Startup.69e1d85de4b03fe8db9ae402.html,Startup India (DPIIT profile)
SUSUNIA AGRO FARM PRIVATE LIMITED,Ideation,Bankura,Agriculture,https://www.startupindia.gov.in/content/sih/en/profile.Startup.69e1bbd2e4b03fe8db9ad21e.html,Startup India (DPIIT profile)
HYDROVANTA ENTERPRISES LLP,Early Traction,Hooghly,Food & Beverages,https://www.startupindia.gov.in/content/sih/en/profile.Startup.69e0f628e4b03fe8db9ab626.html,Startup India (DPIIT profile)
TAMOGHNA ENTERPRISE,Ideation,South 24 Parganas,Construction,https://www.startupindia.gov.in/content/sih/en/profile.Startup.69e09185e4b03fe8db9a6644.html,Startup India (DPIIT profile)
NXTAMP ENERGY PRIVATE LIMITED,Validation,Kolkata,Retail,https://www.startupindia.gov.in/content/sih/en/profile.Startup.69e08b50e4b03fe8db9a6301.html,Startup India (DPIIT profile)
AUREA GIFTS LLP,Ideation,Kolkata,Marketing,https://www.startupindia.gov.in/content/sih/en/profile.Startup.69e06afee4b03fe8db9a516e.html,Startup India (DPIIT profile)
HILL TEA MART PRIVATE LIMITED,Ideation,North 24 Parganas,Food & Beverages,https://www.startupindia.gov.in/content/sih/en/profile.Startup.69dfcfc8e4b03fe8db9a4095.html,Startup India (DPIIT profile)
DRRIFTAIRE DRONES PRIVATE LIMITED,Early Traction,North 24 Parganas,Aeronautics Aerospace & Defence,https://www.startupindia.gov.in/content/sih/en/profile.Startup.69df8defe4b03fe8db9a2d0a.html,Startup India (DPIIT profile)
SHRI FREIGHT ADVISORY (OPC) PRIVATE LIMITED,Ideation,North 24 Parganas,Transportation & Storage,https://www.startupindia.gov.in/content/sih/en/profile.Startup.69df863ce4b03fe8db9a2924.html,Startup India (DPIIT profile)
ATM SOFTEK PRIVATE LIMITED,Ideation,Nadia,IT Services,https://www.startupindia.gov.in/content/sih/en/profile.Startup.69df7368e4b03fe8db9a1f58.html,Startup India (DPIIT profile)
ASINOVIA LLP,Ideation,Kolkata,Architecture Interior Design,https://www.startupindia.gov.in/content/sih/en/profile.Startup.69df613ee4b03fe8db9a1440.html,Startup India (DPIIT profile)
AROI COMPLIANCE SERVICES PRIVATE LIMITED,Early Traction,North 24 Parganas,Professional & Commercial Services,https://www.startupindia.gov.in/content/sih/en/profile.Startup.69de85cfe4b03fe8db99e0d2.html,Startup India (DPIIT profile)
MILLANO IT SOLUTIONS PRIVATE LIMITED,Scaling,Kolkata,IT Services,https://www.startupindia.gov.in/content/sih/en/profile.Startup.69de456be4b03fe8db99d1e7.html,Startup India (DPIIT profile)
ARYODUTYI CONSTRUCTION PRIVATE LIMITED,Ideation,Kolkata,Real Estate,https://www.startupindia.gov.in/content/sih/en/profile.Startup.69de3239e4b03fe8db99cb32.html,Startup India (DPIIT profile)
XOIP TEL INDIA PRIVATE LIMITED,Early Traction,North 24 Parganas,Telecommunication & Networking,https://www.startupindia.gov.in/content/sih/en/profile.Startup.69dde118e4b03fe8db999d35.html,Startup India (DPIIT profile)
ABSROI PHARMACEUTICAL PRIVATE LIMITED,Early Traction,South 24 Parganas,Marketing,https://www.startupindia.gov.in/content/sih/en/profile.Startup.69dddbd9e4b03fe8db9999fe.html,Startup India (DPIIT profile)
DP SYSTEMCARE PRIVATE LIMITED,Ideation,North 24 Parganas,IT Services,https://www.startupindia.gov.in/content/sih/en/profile.Startup.69ddd243e4b03fe8db9993be.html,Startup India (DPIIT profile)
FALCON SUPERFOODS LLP,Validation,Hooghly,Food & Beverages,https://www.startupindia.gov.in/content/sih/en/profile.Startup.69dd196ae4b03fe8db9976ad.html,Startup India (DPIIT profile)
SAHADHA GLOBAL HOLDINGS PRIVATE LIMITED,Ideation,Kolkata,Retail,https://www.startupindia.gov.in/content/sih/en/profile.Startup.69dce31ce4b03fe8db996578.html,Startup India (DPIIT profile)
PADMAVATI AGRO PROJECTS PRIVATE LIMITED,Validation,North 24 Parganas,Agriculture,https://www.startupindia.gov.in/content/sih/en/profile.Startup.69dcd238e4b0eb7de192df5f.html,Startup India (DPIIT profile)
ASTROVEDA AND CONSULTING PRIVATE LIMITED,Ideation,North 24 Parganas,Professional & Commercial Services,https://www.startupindia.gov.in/content/sih/en/profile.Startup.69dcc28ae4b0eb7de192d5b2.html,Startup India (DPIIT profile)
AAYRA ISPAT LLP,Ideation,North 24 Parganas,Construction,https://www.startupindia.gov.in/content/sih/en/profile.Startup.69dcae4de4b0147adf7ba38b.html,Startup India (DPIIT profile)
PASMECHBIM ENGINEERING CONSULTANT PRIVATE LIMITED,Scaling,Purba Medinipur,Architecture Interior Design,https://www.startupindia.gov.in/content/sih/en/profile.Startup.69dc856ce4b0147adf7b8793.html,Startup India (DPIIT profile)
QUANTOTIVE FINANCIAL SOLUTIONS PRIVATE LIMITED,Ideation,South 24 Parganas,Professional & Commercial Services,https://www.startupindia.gov.in/content/sih/en/profile.Startup.69dc82d6e4b0147adf7b85da.html,Startup India (DPIIT profile)
MALDA NATURAL GROWTH FARMING PRIVATE LIMITED,Scaling,Maldah,Agriculture,https://www.startupindia.gov.in/content/sih/en/profile.Startup.69da2bfae4b0147adf7b1a86.html,Startup India (DPIIT profile)
FLEETORYS LOGISTICS PRIVATE LIMITED,Ideation,Kolkata,Logistics,https://www.startupindia.gov.in/content/sih/en/profile.Startup.69da2a78e4b0147adf7b1a20.html,Startup India (DPIIT profile)
DAIRYCORE SOLUTIONS LLP,Ideation,Kolkata,Agriculture,https://www.startupindia.gov.in/content/sih/en/profile.Startup.69da291de4b0147adf7b195a.html,Startup India (DPIIT profile)
Essential Treats Private Limited,Validation,Kolkata,Agriculture,https://www.startupindia.gov.in/content/sih/en/profile.Startup.69d8d8eae4b0147adf7ac80e.html,Startup India (DPIIT profile)
LIFTS BAZAR PRIVATE LIMITED,Ideation,Darjeeling,Renewable Energy,https://www.startupindia.gov.in/content/sih/en/profile.Startup.69d8ba3ce4b0147adf7aa8b9.html,Startup India (DPIIT profile)
BATCHHUB TECHNOLOGIES PRIVATE LIMITED,Early Traction,Jhargram,Education,https://www.startupindia.gov.in/content/sih/en/profile.Startup.69d8b81fe4b0147adf7aa611.html,Startup India (DPIIT profile)
SPLENDORA CONSUMER PRODUCTS PRIVATE LIMITED,Ideation,North 24 Parganas,Food & Beverages,https://www.startupindia.gov.in/content/sih/en/profile.Startup.69d7a289e4b086835f2179d4.html,Startup India (DPIIT profile)
RANIHATI CONSTRUCTION PRIVATE LIMITED,Early Traction,Howrah,Construction,https://www.startupindia.gov.in/content/sih/en/profile.Startup.69d79ab8e4b086835f21747f.html,Startup India (DPIIT profile)
WILLCO INSTRUMENTS PRIVATE LIMITED,Validation,North 24 Parganas,Renewable Energy,https://www.startupindia.gov.in/content/sih/en/profile.Startup.69d77a36e4b086835f215c1b.html,Startup India (DPIIT profile)
PURTY CONSUMER PRODUCTS PRIVATE LIMITED,Validation,North 24 Parganas,Food & Beverages,https://www.startupindia.gov.in/content/sih/en/profile.Startup.69d775f9e4b086835f2158cd.html,Startup India (DPIIT profile)
BHISHAJYATI PHARMACEUTICAL PRIVATE LIMITED,Validation,Bankura,Healthcare & Lifesciences,https://www.startupindia.gov.in/content/sih/en/profile.Startup.69d76db9e4b086835f21533b.html,Startup India (DPIIT profile)
YATRASPHERE HOLIDAY LLP,Ideation,Darjeeling,Travel & Tourism,https://www.startupindia.gov.in/content/sih/en/profile.Startup.69d748ace4b086835f213ce0.html,Startup India (DPIIT profile)
EXPERTPAY TECHNOLOGIES PRIVATE LIMITED,Ideation,North 24 Parganas,AI,https://www.startupindia.gov.in/content/sih/en/profile.Startup.69d7484ae4b086835f213c92.html,Startup India (DPIIT profile)
BHUMIPUTRA INFRACON LLP,Validation,North 24 Parganas,Construction,https://www.startupindia.gov.in/content/sih/en/profile.Startup.69d74223e4b086835f213802.html,Startup India (DPIIT profile)
EDUSKILLIQ FUTURETECH PRIVATE LIMITED,Validation,Bankura,Education,https://www.startupindia.gov.in/content/sih/en/profile.Startup.69d741e3e4b086835f2137d7.html,Startup India (DPIIT profile)
COMMODITY MANDI SMART PRIVATE LIMITED,Validation,Kolkata,IT Services,https://www.startupindia.gov.in/content/sih/en/profile.Startup.69d6a911e4b086835f211aee.html,Startup India (DPIIT profile)
SAMANNT LUXURY LLP,Ideation,Kolkata,Textiles & Apparel,https://www.startupindia.gov.in/content/sih/en/profile.Startup.69d647ffe4b0c1f12f1c2343.html,Startup India (DPIIT profile)
CAPTILIGHT PRIVATE LIMITED,Validation,South 24 Parganas,Food & Beverages,https://www.startupindia.gov.in/content/sih/en/profile.Startup.69d63fa4e4b0c1f12f1c1cf9.html,Startup India (DPIIT profile)
ASCENDRIX CONSULTANCY SERVICES LLP,Ideation,Kolkata,Education,https://www.startupindia.gov.in/content/sih/en/profile.Startup.69d62976e4b0eeff630969b1.html,Startup India (DPIIT profile)
NEHAA ELEGANCE PRIVATE LIMITED,Ideation,North 24 Parganas,Textiles & Apparel,https://www.startupindia.gov.in/content/sih/en/profile.Startup.69d6073ee4b0eeff63095729.html,Startup India (DPIIT profile)
EPOCHEYE PRIVATE LIMITED,Validation,Kolkata,AR VR (Augmented + Virtual Reality),https://www.startupindia.gov.in/content/sih/en/profile.Startup.69d54516e4b0eeff63093128.html,Startup India (DPIIT profile)
NOVIRA GREEN ENERGY LLP,Early Traction,Darjeeling,Retail,https://www.startupindia.gov.in/content/sih/en/profile.Startup.69d4e6b0e4b0eeff630910bd.html,Startup India (DPIIT profile)
IEPSSOLS PRIVATE LIMITED,Early Traction,North 24 Parganas,IT Services,https://www.startupindia.gov.in/content/sih/en/profile.Startup.69d4b47ee4b0eeff6308f576.html,Startup India (DPIIT profile)
AGOMONI TECHNOLOGY PRIVATE LIMITED,Early Traction,North 24 Parganas,Textiles & Apparel,https://www.startupindia.gov.in/content/sih/en/profile.Startup.69d4af82e4b0eeff6308f210.html,Startup India (DPIIT profile)
FINTRA LABS PRIVATE LIMITED,Ideation,Kolkata,AI,https://www.startupindia.gov.in/content/sih/en/profile.Startup.69d4976ce4b0eeff6308e1c9.html,Startup India (DPIIT profile)
BETELLEAVE PRIVATE LIMITED,Ideation,South 24 Parganas,Retail,https://www.startupindia.gov.in/content/sih/en/profile.Startup.69d39a40e4b03eeefb812c5b.html,Startup India (DPIIT profile)
ETHNO BOTANICA NATURALS PRIVATE LIMITED,Early Traction,Kolkata,Food & Beverages,https://www.startupindia.gov.in/content/sih/en/profile.Startup.69d39721e4b03eeefb812a3c.html,Startup India (DPIIT profile)
SWARN SHREE HOSPITALITY LLP,Ideation,Kolkata,Events,https://www.startupindia.gov.in/content/sih/en/profile.Startup.69d37e68e4b03eeefb811d8c.html,Startup India (DPIIT profile)
POLAR COOLING INDUSTRIES PRIVATE LIMITED,Ideation,Kolkata,Construction,https://www.startupindia.gov.in/content/sih/en/profile.Startup.69d35dcae4b03eeefb810b7d.html,Startup India (DPIIT profile)
BOUTIIQUE VASTRAA LLP,Ideation,Nabadwip,Retail,https://www.startupindia.gov.in/content/sih/en/profile.Startup.69d35d5ae4b03eeefb810b47.html,Startup India (DPIIT profile)
Triphos Power Private Limited,Validation,Kolkata,Renewable Energy,https://www.startupindia.gov.in/content/sih/en/profile.Startup.69d35b93e4b03eeefb810a15.html,Startup India (DPIIT profile)
ECHOFUEL SOLUTIONS PRIVATE LIMITED,Scaling,Kolkata,Renewable Energy,https://www.startupindia.gov.in/content/sih/en/profile.Startup.69d35af3e4b03eeefb8109a7.html,Startup India (DPIIT profile)
URBANZEN PRIVATE LIMITED,Early Traction,Kolkata,Professional & Commercial Services,https://www.startupindia.gov.in/content/sih/en/profile.Startup.69d0d732e4b03eeefb8091a4.html,Startup India (DPIIT profile)
ASTERISK CREATIONS PRIVATE LIMITED,Ideation,Kolkata,Other Specialty Retailers,https://www.startupindia.gov.in/content/sih/en/profile.Startup.69d0cdfce4b03eeefb808dc0.html,Startup India (DPIIT profile)
SKILLWAVE SOLUTIONS (OPC) PRIVATE LIMITED,Ideation,North 24 Parganas,Human Resources,https://www.startupindia.gov.in/content/sih/en/profile.Startup.69d09eabe4b03eeefb8079a1.html,Startup India (DPIIT profile)
RESURGENIX TECHNOLOGIES PRIVATE LIMITED,Ideation,North 24 Parganas,Security Solutions,https://www.startupindia.gov.in/content/sih/en/profile.Startup.69cf8514e4b03eeefb803d44.html,Startup India (DPIIT profile)
TRACKASE INNOVATIONS PRIVATE LIMITED,Ideation,North 24 Parganas,Enterprise Software,https://www.startupindia.gov.in/content/sih/en/profile.Startup.69cf47b0e4b03eeefb801f73.html,Startup India (DPIIT profile)
NAVE INDUSTRIES PRIVATE LIMITED,Ideation,Purba Medinipur,Professional & Commercial Services,https://www.startupindia.gov.in/content/sih/en/profile.Startup.69ce675be4b03eeefb7ff9e3.html,Startup India (DPIIT profile)
DOTTORE PHARMACEUTICAL LLP,Ideation,North 24 Parganas,Healthcare & Lifesciences,https://www.startupindia.gov.in/content/sih/en/profile.Startup.69ce62a9e4b03eeefb7ff7b6.html,Startup India (DPIIT profile)
NAGESHWAR GROUP OF INDUSTRIES PRIVATE LIMITED,Ideation,Alipurduar,Automotive,https://www.startupindia.gov.in/content/sih/en/profile.Startup.69ce49cbe4b03eeefb7fe96e.html,Startup India (DPIIT profile)
NUROX PHARMA PRIVATE LIMITED,Validation,Bankura,Healthcare & Lifesciences,https://www.startupindia.gov.in/content/sih/en/profile.Startup.69ce46e4e4b03eeefb7fe7cb.html,Startup India (DPIIT profile)
DEGMA ASEPSIS PRODUCT SOLUTIONS PRIVATE LIMITED,Validation,North 24 Parganas,Healthcare & Lifesciences,https://www.startupindia.gov.in/content/sih/en/profile.Startup.69ce416ee4b03eeefb7fe40e.html,Startup India (DPIIT profile)
NUSHRAT GALAXY MICRO SERVICE FOUNDATION,Validation,Hooghly,Social Impact,https://www.startupindia.gov.in/content/sih/en/profile.Startup.69ce2a2ce4b03eeefb7fd7bd.html,Startup India (DPIIT profile)
SUNOWNSHINE PRIVATE LIMITED,Ideation,Jalpaiguri,Construction,https://www.startupindia.gov.in/content/sih/en/profile.Startup.69ce24cee4b03eeefb7fd52f.html,Startup India (DPIIT profile)
RENDCONNECT PRIVATE LIMITED,Validation,Kolkata,Social Network,https://www.startupindia.gov.in/content/sih/en/profile.Startup.69cd4943e4b022c809a824d5.html,Startup India (DPIIT profile)
GREEN COMPASS GLOBAL PRIVATE LIMITED,Validation,Birbhum,Agriculture,https://www.startupindia.gov.in/content/sih/en/profile.Startup.69cd492ee4b022c809a824d2.html,Startup India (DPIIT profile)
NOVYRA TECHNOLOGIES (OPC) PRIVATE LIMITED,Ideation,North 24 Parganas,AI,https://www.startupindia.gov.in/content/sih/en/profile.Startup.69ccfa24e4b0c26a54714a16.html,Startup India (DPIIT profile)
IVA NETWORK WORLD (OPC) PRIVATE LIMITED,Early Traction,Purba Bardhaman,Professional & Commercial Services,https://www.startupindia.gov.in/content/sih/en/profile.Startup.69ccf892e4b0c26a547148fd.html,Startup India (DPIIT profile)
NIROGDISHA PRIVATE LIMITED,Validation,South 24 Parganas,Healthcare & Lifesciences,https://www.startupindia.gov.in/content/sih/en/profile.Startup.69ccf558e4b0c26a547146ea.html,Startup India (DPIIT profile)
ADVAITA CYBERNETICS PRIVATE LIMITED,Validation,Purba Medinipur,AI,https://www.startupindia.gov.in/content/sih/en/profile.Startup.69ccdd3ee4b0c26a5471377e.html,Startup India (DPIIT profile)
CLERYN GLOBAL SOFTWARE PRIVATE LIMITED,Ideation,South 24 Parganas,IT Services,https://www.startupindia.gov.in/content/sih/en/profile.Startup.69ccd2b8e4b0c26a547131af.html,Startup India (DPIIT profile)
GETA ASIA PRIVATE LIMITED,Scaling,Kolkata,Automotive,https://www.startupindia.gov.in/content/sih/en/profile.Startup.69cccd19e4b0c26a54712e9b.html,Startup India (DPIIT profile)
DEFENDOR DEVCON LLP,Early Traction,Kolkata,Retail,https://www.startupindia.gov.in/content/sih/en/profile.Startup.69ccba2ae4b0c26a547121fa.html,Startup India (DPIIT profile)
IQSOLV INNOVATE PRIVATE LIMITED,Early Traction,Kolkata,Chemicals,https://www.startupindia.gov.in/content/sih/en/profile.Startup.69cbdcede4b0c26a5470ebbf.html,Startup India (DPIIT profile)
SATWIK EARTHSTRUCTURE PRIVATE LIMITED,Validation,Purba Medinipur,Construction,https://www.startupindia.gov.in/content/sih/en/profile.Startup.69cbc8f6e4b0c26a5470e1b5.html,Startup India (DPIIT profile)
ONEFARM AGRO INDUSTRIES PRIVATE LIMITED,Early Traction,Kolkata,Agriculture,https://www.startupindia.gov.in/content/sih/en/profile.Startup.69cbc096e4b0c26a5470dbcb.html,Startup India (DPIIT profile)
TECNOLICK MICRO FINANCE PRIVATE LIMITED,Scaling,Nadia,Finance Technology,https://www.startupindia.gov.in/content/sih/en/profile.Startup.69cbbedfe4b0c26a5470da7b.html,Startup India (DPIIT profile)
ASSOCIATED TOOLS & ADVANCED TECHNOLOGY INDIA PRIVATE LIMITED,Early Traction,Howrah,Aeronautics Aerospace & Defence,https://www.startupindia.gov.in/content/sih/en/profile.Startup.69cbb065e4b0c26a5470ce10.html,Startup India (DPIIT profile)
ASHRAFIA CONSUMER PRIVATE LIMITED,Ideation,Kolkata,Food & Beverages,https://www.startupindia.gov.in/content/sih/en/profile.Startup.69cbaf4ae4b0c26a5470ccde.html,Startup India (DPIIT profile)
TEMPLES OF INDIA PRIVATE LIMITED,Scaling,Kolkata,Education,https://www.startupindia.gov.in/content/sih/en/profile.Startup.69cbaca5e4b0c26a5470ca46.html,Startup India (DPIIT profile)
AKMU ROBOTICS PRIVATE LIMITED,Ideation,Kolkata,Robotics,https://www.startupindia.gov.in/content/sih/en/profile.Startup.69cba813e4b0c26a5470c609.html,Startup India (DPIIT profile)
MEHOSAIN TECH (OPC) PRIVATE LIMITED,Early Traction,Murshidabad,Construction,https://www.startupindia.gov.in/content/sih/en/profile.Startup.69cb91a5e4b0c26a5470acf4.html,Startup India (DPIIT profile)
